id,kepler_name,predicted,probability
candidate_1,K04902.01,0.0,3.5166186911246566e-13
candidate_2,K04146.02,1.0,0.999890923500061
candidate_3,K07270.01,0.0,0.1554601788520813
candidate_4,K04519.01,0.0,3.1136649248503234e-13
candidate_5,K01940.02,1.0,0.9352825284004211
candidate_6,K05755.01,0.0,1.5496062888268637e-14
candidate_7,K07982.01,0.0,2.891544425773218e-13
candidate_8,K00426.01,1.0,0.9999996423721313
candidate_9,K07272.01,1.0,0.9999834299087524
candidate_10,K02312.01,0.0,1.69717477012282e-16
candidate_11,K05758.01,0.0,5.850887135894212e-11
candidate_12,K08193.01,0.0,2.3254271772077395e-12
candidate_13,K01957.01,1.0,0.9998127818107605
candidate_14,K01574.03,1.0,0.9993821382522583
candidate_15,K01574.04,1.0,0.9999998807907104
candidate_16,K07279.01,0.0,3.973533239332028e-05
candidate_17,K05759.01,0.0,1.3851558117385553e-18
candidate_18,K04898.01,0.0,1.7312220450607652e-12
candidate_19,K07281.01,0.0,0.0002469628816470504
candidate_20,K07282.01,0.0,0.03903922066092491
candidate_21,K02764.01,1.0,0.99983811378479
candidate_22,K05761.01,0.0,0.08323605358600616
candidate_23,K07283.01,0.0,1.4209481844201094e-13
candidate_24,K04034.02,1.0,0.9998661279678345
candidate_25,K05762.01,1.0,0.9847418069839478
candidate_26,K05764.01,0.0,1.8454343804032575e-23
candidate_27,K04755.01,1.0,0.9996165037155151
candidate_28,K04451.01,1.0,0.999996542930603
candidate_29,K02926.05,1.0,0.624056339263916
candidate_30,K07986.01,0.0,1.717620108365736e-07
candidate_31,K04545.01,0.0,0.08729656040668488
candidate_32,K04334.01,0.0,0.004196339752525091
candidate_33,K01082.04,0.0,1.5530744349234737e-05
candidate_34,K05769.01,0.0,0.0037443339824676514
candidate_35,K01081.01,0.0,0.009004277177155018
candidate_36,K01773.01,0.0,1.6812604371807538e-05
candidate_37,K03208.01,1.0,0.9991580247879028
candidate_38,K07988.01,0.0,2.389017294808591e-14
candidate_39,K01083.02,1.0,0.6746388673782349
candidate_40,K01784.01,1.0,1.0
candidate_41,K07990.01,0.0,1.0614309431389302e-08
candidate_42,K07291.01,1.0,0.9999768733978271
candidate_43,K05772.01,1.0,0.9999960660934448
candidate_44,K03007.01,1.0,0.9999992847442627
candidate_45,K05775.01,0.0,4.655191857672438e-15
candidate_46,K07991.01,0.0,0.3221501111984253
candidate_47,K06216.01,0.0,4.0484387053294553e-16
candidate_48,K06216.02,1.0,0.9999995231628418
candidate_49,K05776.01,0.0,3.095903524860666e-12
candidate_50,K06217.01,0.0,0.014726984314620495
candidate_51,K07992.01,0.0,7.24895931397473e-16
candidate_52,K00728.01,0.0,0.0015070905210450292
candidate_53,K04768.01,1.0,0.9999935626983643
candidate_54,K08201.01,0.0,4.524775359453996e-16
candidate_55,K04557.01,0.0,0.004759489558637142
candidate_56,K07621.01,0.0,2.650847543790851e-22
candidate_57,K07301.01,1.0,0.6060937643051147
candidate_58,K02689.01,1.0,0.5449879169464111
candidate_59,K00732.02,0.0,0.0014328178949654102
candidate_60,K00734.02,0.0,5.781211712019285e-06
candidate_61,K05782.01,0.0,6.438264108510339e-07
candidate_62,K03913.01,0.0,5.80990581511287e-06
candidate_63,K00331.02,0.0,0.0002591862576082349
candidate_64,K00735.01,0.0,0.0016964260721579194
candidate_65,K01174.01,0.0,5.184447218198329e-05
candidate_66,K07305.01,0.0,3.2264608762488933e-06
candidate_67,K00332.02,1.0,0.9999767541885376
candidate_68,K04754.01,1.0,0.9999673366546631
candidate_69,K01154.01,0.0,1.2785934810910504e-10
candidate_70,K01169.01,0.0,3.252119144501888e-32
candidate_71,K05785.01,0.0,3.916982016516357e-10
candidate_72,K07998.01,0.0,1.7592531598165095e-11
candidate_73,K08000.01,1.0,0.9652166366577148
candidate_74,K02401.01,1.0,1.0
candidate_75,K05787.01,0.0,3.6548178741213633e-06
candidate_76,K08205.01,0.0,4.642407877390731e-13
candidate_77,K03991.01,1.0,0.8344707489013672
candidate_78,K03224.01,1.0,0.999907374382019
candidate_79,K05789.01,0.0,8.743510804265497e-09
candidate_80,K07319.01,0.0,8.687881745572668e-06
candidate_81,K05790.01,0.0,5.463798901164663e-13
candidate_82,K00531.01,0.0,0.00959106907248497
candidate_83,K07320.01,1.0,0.9886099100112915
candidate_84,K02859.03,0.0,0.00968464557081461
candidate_85,K02859.04,1.0,0.9999970197677612
candidate_86,K02859.05,0.0,0.003407248528674245
candidate_87,K08007.01,1.0,1.0
candidate_88,K04568.02,0.0,1.905307949444119e-14
candidate_89,K08011.01,0.0,8.516352206777711e-11
candidate_90,K06224.01,0.0,3.1110650579031505e-19
candidate_91,K07327.01,1.0,0.9999691247940063
candidate_92,K08012.01,1.0,0.9999850988388062
candidate_93,K05794.01,0.0,6.511848346914682e-17
candidate_94,K05795.01,0.0,1.4133091497114947e-07
candidate_95,K01168.01,0.0,2.8792251214326825e-06
candidate_96,K07330.01,0.0,3.230621917931232e-18
candidate_97,K04480.01,1.0,0.9999657869338989
candidate_98,K05796.01,0.0,1.9100680469950208e-25
candidate_99,K02554.01,1.0,1.0
candidate_100,K02554.02,1.0,0.9995038509368896
candidate_101,K05798.01,0.0,4.469163411302015e-16
candidate_102,K08211.01,0.0,0.0038873448502272367
candidate_103,K02188.02,0.0,7.620262643115439e-09
candidate_104,K05799.01,0.0,1.2809825422621657e-09
candidate_105,K05800.01,0.0,0.00011865654232678935
candidate_106,K04345.01,1.0,0.9999998807907104
candidate_107,K05801.01,0.0,2.6084603921283644e-10
candidate_108,K08026.01,0.0,0.0027441405691206455
candidate_109,K00337.02,1.0,0.9999154806137085
candidate_110,K07339.01,1.0,0.9995697140693665
candidate_111,K04826.01,0.0,4.014491405968101e-09
candidate_112,K05805.01,0.0,2.8197018764331006e-07
candidate_113,K05806.01,0.0,8.244202168812206e-15
candidate_114,K05807.01,0.0,6.595206149655733e-18
candidate_115,K05810.01,0.0,4.536828175653893e-22
candidate_116,K04833.01,1.0,0.7015500068664551
candidate_117,K04563.01,1.0,0.9999971389770508
candidate_118,K07345.01,0.0,2.1907668568132976e-08
candidate_119,K04892.01,1.0,0.978908896446228
candidate_120,K02958.01,1.0,1.0
candidate_121,K05812.01,0.0,6.716513780702371e-07
candidate_122,K00210.01,0.0,0.0008792288135737181
candidate_123,K02797.01,1.0,0.9074601531028748
candidate_124,K04577.01,0.0,9.278311452476373e-11
candidate_125,K04577.02,0.0,0.011568602174520493
candidate_126,K05815.01,0.0,2.33547736705475e-10
candidate_127,K04366.01,0.0,1.1634977454377804e-05
candidate_128,K00211.01,0.0,0.2513338029384613
candidate_129,K05816.01,0.0,0.00015938753494992852
candidate_130,K05817.01,0.0,6.085791592891354e-13
candidate_131,K07354.01,0.0,9.004378807730973e-05
candidate_132,K00750.02,0.0,2.8436652428354137e-06
candidate_133,K00750.03,0.0,1.2523896657512523e-05
candidate_134,K04698.01,0.0,3.6421899025397553e-13
candidate_135,K05819.01,0.0,1.8785273087507798e-13
candidate_136,K07358.01,1.0,0.9999984502792358
candidate_137,K07359.01,1.0,0.9998832941055298
candidate_138,K02068.01,1.0,0.9999916553497314
candidate_139,K04804.01,1.0,0.9999899864196777
candidate_140,K05821.01,0.0,8.368695603166998e-08
candidate_141,K07361.01,0.0,4.304395950782691e-09
candidate_142,K05822.01,1.0,0.9545435309410095
candidate_143,K00430.02,0.0,0.0032500543165951967
candidate_144,K00600.02,0.0,0.0035154400393366814
candidate_145,K02327.02,0.0,1.556868767238484e-07
candidate_146,K05825.01,0.0,3.0432328657070684e-08
candidate_147,K00989.03,1.0,1.0
candidate_148,K04405.01,1.0,0.9997900128364563
candidate_149,K05826.01,0.0,4.20873247364284e-09
candidate_150,K04891.01,1.0,0.9999551773071289
candidate_151,K03086.01,1.0,0.9999994039535522
candidate_152,K01639.02,0.0,1.3422919664662913e-08
candidate_153,K07370.01,0.0,0.3485034704208374
candidate_154,K08031.01,0.0,2.330129200700526e-09
candidate_155,K02871.03,0.0,2.018899891709225e-08
candidate_156,K02871.04,1.0,0.9999873638153076
candidate_157,K03451.01,0.0,0.05648109316825867
candidate_158,K01316.02,1.0,0.8376791477203369
candidate_159,K04235.01,0.0,8.12580492492998e-06
candidate_160,K02373.01,0.0,0.20808115601539612
candidate_161,K05829.01,0.0,4.7534386264757225e-20
candidate_162,K05830.01,0.0,6.854089778379757e-13
candidate_163,K04801.01,1.0,0.9999946355819702
candidate_164,K00753.01,1.0,0.9999920129776001
candidate_165,K07375.01,1.0,0.999962568283081
candidate_166,K05831.01,1.0,0.9999639987945557
candidate_167,K07376.01,0.0,2.4300330636606304e-09
candidate_168,K07378.02,1.0,0.9999995231628418
candidate_169,K08033.01,0.0,2.5062699057629883e-17
candidate_170,K01946.01,1.0,0.9999983310699463
candidate_171,K07380.01,1.0,0.9334623217582703
candidate_172,K05833.01,0.0,9.911259457249465e-24
candidate_173,K05834.01,0.0,2.8698508458546712e-08
candidate_174,K05835.01,0.0,3.435979815112941e-26
candidate_175,K08035.01,0.0,3.027440106961876e-05
candidate_176,K05836.01,0.0,3.7384150645741656e-15
candidate_177,K07383.01,0.0,6.323743612091093e-12
candidate_178,K01303.01,1.0,0.9999998807907104
candidate_179,K04597.01,0.0,4.134328628424555e-05
candidate_180,K04149.01,1.0,0.539593517780304
candidate_181,K04149.02,1.0,0.9967795014381409
candidate_182,K05837.01,0.0,2.7977758998432023e-12
candidate_183,K05839.01,0.0,4.9845154483912105e-24
candidate_184,K02957.01,1.0,0.999927282333374
candidate_185,K04503.01,1.0,0.9999668598175049
candidate_186,K08217.01,0.0,0.018983757123351097
candidate_187,K02623.02,1.0,0.9999080896377563
candidate_188,K02770.01,0.0,1.893903436855915e-11
candidate_189,K03248.01,1.0,0.9236323237419128
candidate_190,K01963.01,1.0,0.9967128038406372
candidate_191,K08037.01,0.0,0.008289293386042118
candidate_192,K01315.01,1.0,0.9999998807907104
candidate_193,K07389.01,0.0,3.9624323245300574e-14
candidate_194,K05842.01,1.0,0.9997547268867493
candidate_195,K03367.01,1.0,0.999996542930603
candidate_196,K04499.01,0.0,0.008731910027563572
candidate_197,K01310.02,1.0,0.9999994039535522
candidate_198,K05845.01,1.0,0.9801738262176514
candidate_199,K04692.02,1.0,0.9999569654464722
candidate_200,K05846.01,0.0,1.3118684805135672e-08
candidate_201,K05847.01,0.0,8.463755649839363e-15
candidate_202,K05848.01,0.0,8.333349190284835e-18
candidate_203,K05849.01,0.0,5.7293610827846564e-11
candidate_204,K04374.01,0.0,0.00034433614928275347
candidate_205,K05850.01,0.0,1.4908401549604808e-19
candidate_206,K05851.01,0.0,6.85210525472324e-12
candidate_207,K00972.01,1.0,0.999998927116394
candidate_208,K00972.02,1.0,0.9468916654586792
candidate_209,K07400.01,1.0,0.9999994039535522
candidate_210,K05852.01,0.0,1.585728881536852e-07
candidate_211,K05853.01,0.0,3.5471885428961514e-09
candidate_212,K01420.01,1.0,0.9952377676963806
candidate_213,K05854.01,0.0,0.0003338139795232564
candidate_214,K02248.02,1.0,0.9999599456787109
candidate_215,K02248.03,1.0,0.9999964237213135
candidate_216,K02248.04,0.0,0.4162188172340393
candidate_217,K08039.01,0.0,8.794826271696365e-07
candidate_218,K05855.01,0.0,0.0014229787047952414
candidate_219,K05857.01,0.0,3.033308628621191e-16
candidate_220,K07404.01,1.0,0.994053065776825
candidate_221,K05859.01,0.0,2.3850536676593855e-16
candidate_222,K02696.01,1.0,0.9999997615814209
candidate_223,K02696.02,1.0,1.0
candidate_224,K04852.01,1.0,0.9996784925460815
candidate_225,K05860.01,0.0,1.1057287897797696e-12
candidate_226,K02206.01,0.0,0.003365820972248912
candidate_227,K02533.03,1.0,0.9999973773956299
candidate_228,K01431.01,0.0,7.684740012336988e-06
candidate_229,K02759.01,1.0,0.6513800621032715
candidate_230,K05863.01,0.0,0.046638213098049164
candidate_231,K04287.01,1.0,0.9999933242797852
candidate_232,K04287.02,0.0,0.0016500147758051753
candidate_233,K05864.01,0.0,3.950411198161419e-08
candidate_234,K05866.01,0.0,5.820227654863841e-13
candidate_235,K07408.01,1.0,0.885998010635376
candidate_236,K05867.01,0.0,2.67606292297676e-19
candidate_237,K02712.01,1.0,0.9999966621398926
candidate_238,K05868.01,0.0,9.311623216490261e-06
candidate_239,K05869.01,0.0,1.743239068772469e-16
candidate_240,K04442.01,1.0,0.9999558925628662
candidate_241,K03371.01,0.0,2.387612134911732e-13
candidate_242,K05870.01,0.0,2.2673305011267075e-08
candidate_243,K01427.02,0.0,0.004968247842043638
candidate_244,K04896.01,0.0,7.827403578630765e-07
candidate_245,K04896.02,1.0,0.999971866607666
candidate_246,K08043.01,1.0,0.9997615218162537
candidate_247,K05871.01,0.0,2.6742981848386665e-20
candidate_248,K05872.01,1.0,0.9999998807907104
candidate_249,K05873.01,0.0,1.1278665515098742e-14
candidate_250,K05874.01,1.0,0.5931308269500732
candidate_251,K01647.03,0.0,0.08359136432409286
candidate_252,K04601.01,0.0,6.454948743339628e-05
candidate_253,K05875.02,0.0,0.0036652369890362024
candidate_254,K00971.01,0.0,4.443480999816174e-11
candidate_255,K04653.01,1.0,0.9935125708580017
candidate_256,K05876.01,0.0,0.013645130209624767
candidate_257,K07415.01,0.0,3.135463460049448e-12
candidate_258,K08046.01,0.0,1.6749858389175643e-08
candidate_259,K05877.01,0.0,4.799039499125968e-10
candidate_260,K07416.01,0.0,0.0004868429386988282
candidate_261,K05878.01,0.0,1.760770348968599e-11
candidate_262,K02813.01,0.0,0.39631059765815735
candidate_263,K05879.01,0.0,4.498922664530197e-14
candidate_264,K07426.01,1.0,0.871955156326294
candidate_265,K07427.01,0.0,1.3765837820756133e-06
candidate_266,K02796.01,0.0,7.683889056121861e-19
candidate_267,K05881.01,0.0,1.4980629584049332e-11
candidate_268,K01972.01,0.0,7.57007728680037e-06
candidate_269,K07430.01,1.0,0.6792854070663452
candidate_270,K04622.02,1.0,0.9913660287857056
candidate_271,K07432.01,0.0,9.138154233312434e-09
candidate_272,K07434.01,0.0,4.326850830693729e-05
candidate_273,K07435.01,0.0,7.851035479689017e-05
candidate_274,K04716.01,1.0,0.8969241380691528
candidate_275,K04716.02,1.0,0.9999793767929077
candidate_276,K08047.01,1.0,0.9999979734420776
candidate_277,K04396.04,0.0,4.012152872660265e-16
candidate_278,K08048.01,0.0,1.3841029288409051e-13
candidate_279,K06237.02,0.0,8.658288172169779e-19
candidate_280,K07437.01,0.0,6.311652214208152e-07
candidate_281,K05882.01,0.0,1.01459718404584e-09
candidate_282,K05883.01,0.0,2.721061354429189e-20
candidate_283,K01445.02,0.0,1.8929044443005694e-10
candidate_284,K01445.03,1.0,0.9918885827064514
candidate_285,K04666.01,0.0,2.638189243953093e-06
candidate_286,K04735.01,1.0,0.5775624513626099
candidate_287,K05885.01,0.0,7.77085644096398e-14
candidate_288,K06238.01,0.0,2.817498537339046e-21
candidate_289,K05886.01,0.0,2.932914652389722e-18
candidate_290,K01421.01,0.0,9.556340955896303e-06
candidate_291,K05888.01,0.0,3.9192424883524795e-20
candidate_292,K04509.01,1.0,0.9999996423721313
candidate_293,K08050.01,0.0,6.713998931470733e-13
candidate_294,K05889.01,0.0,7.959167179494298e-13
candidate_295,K05890.01,0.0,1.166135764341103e-11
candidate_296,K04464.01,1.0,0.9999895095825195
candidate_297,K08052.01,0.0,0.00017272899276576936
candidate_298,K02163.03,0.0,7.024262913546409e-07
candidate_299,K02422.02,1.0,0.9964823126792908
candidate_300,K02551.01,1.0,0.9999998807907104
candidate_301,K05891.01,0.0,3.0502625436319014e-14
candidate_302,K02639.01,1.0,0.8506688475608826
candidate_303,K02639.02,0.0,0.0008644354529678822
candidate_304,K08053.01,1.0,0.9931259155273438
candidate_305,K05892.01,1.0,0.9997809529304504
candidate_306,K05893.01,0.0,4.4707477134311646e-20
candidate_307,K00350.01,1.0,0.9996505975723267
candidate_308,K04823.01,0.0,0.4140099287033081
candidate_309,K06085.01,0.0,1.937650262462398e-09
candidate_310,K05895.01,0.0,0.18813960254192352
candidate_311,K07445.01,0.0,0.0003193253360223025
candidate_312,K05896.01,0.0,5.620955107209268e-16
candidate_313,K08054.01,1.0,0.9999970197677612
candidate_314,K05897.01,0.0,2.5775366647337447e-19
candidate_315,K05898.01,0.0,1.7157776310838813e-09
candidate_316,K08223.01,0.0,0.17671044170856476
candidate_317,K05899.01,0.0,3.265126224949455e-10
candidate_318,K08055.01,0.0,0.004722614772617817
candidate_319,K05900.01,0.0,1.7875587078261534e-12
candidate_320,K05901.01,0.0,1.0615379425092317e-14
candidate_321,K05902.01,0.0,2.2334945918027656e-14
candidate_322,K02124.01,1.0,0.9999899864196777
candidate_323,K06239.01,0.0,1.6997825048259036e-25
candidate_324,K06239.02,0.0,1.5008265084274358e-13
candidate_325,K05903.01,0.0,1.4017929070124502e-13
candidate_326,K05905.01,0.0,1.1396464081139292e-15
candidate_327,K07449.01,0.0,1.581964810884462e-14
candidate_328,K00970.01,0.0,0.0003415622632019222
candidate_329,K04586.01,1.0,0.7902955412864685
candidate_330,K05907.01,0.0,1.513307014422427e-11
candidate_331,K03104.01,1.0,0.999405026435852
candidate_332,K05909.01,0.0,2.2789119213939557e-07
candidate_333,K02226.01,1.0,0.9999990463256836
candidate_334,K05910.01,0.0,1.760061052115072e-18
candidate_335,K03749.01,0.0,5.219117724664102e-07
candidate_336,K07455.01,0.0,0.0006550591206178069
candidate_337,K07617.01,0.0,0.1783120483160019
candidate_338,K05911.01,0.0,2.5338964147332793e-17
candidate_339,K03013.01,1.0,0.9995051622390747
candidate_340,K00353.01,1.0,0.999806821346283
candidate_341,K00353.03,0.0,1.5410089204692667e-08
candidate_342,K01856.01,0.0,0.0004669654881581664
candidate_343,K05912.01,0.0,2.1264406901977395e-10
candidate_344,K05913.01,0.0,1.0143130774317374e-13
candidate_345,K05915.01,1.0,1.0
candidate_346,K05916.01,0.0,1.8441257410017897e-08
candidate_347,K05917.01,1.0,0.9875550866127014
candidate_348,K05918.01,0.0,3.8556868808825584e-10
candidate_349,K05919.01,0.0,1.159065199374254e-08
candidate_350,K07460.01,1.0,0.999890923500061
candidate_351,K05921.01,0.0,7.853732367984827e-16
candidate_352,K05922.01,0.0,3.9464759585272624e-12
candidate_353,K05923.01,0.0,1.6928397883475554e-07
candidate_354,K05924.01,0.0,1.3297539556219285e-23
candidate_355,K04792.01,1.0,0.9872065782546997
candidate_356,K02550.01,1.0,0.9999992847442627
candidate_357,K00365.02,0.0,3.776450707704271e-09
candidate_358,K04921.01,0.0,7.416490381897956e-14
candidate_359,K07467.01,0.0,0.002254437655210495
candidate_360,K05925.01,0.0,1.0351787135820523e-11
candidate_361,K05926.01,0.0,0.005968123208731413
candidate_362,K04643.01,1.0,0.9857153296470642
candidate_363,K01945.02,0.0,1.091643525796826e-06
candidate_364,K06242.01,0.0,4.637184231949765e-25
candidate_365,K06242.02,0.0,6.940866833065744e-19
candidate_366,K06242.03,0.0,1.4912082799047738e-14
candidate_367,K03370.01,0.0,1.7571204580235644e-06
candidate_368,K04771.01,0.0,1.6745764117812728e-13
candidate_369,K07470.01,0.0,2.4873651891714563e-18
candidate_370,K07471.01,0.0,0.0012205066159367561
candidate_371,K05928.01,0.0,0.00019152108870912343
candidate_372,K01465.01,1.0,1.0
candidate_373,K02199.02,1.0,0.9996168613433838
candidate_374,K00435.02,0.0,0.0005612259265035391
candidate_375,K08063.01,0.0,1.5331053167569205e-24
candidate_376,K05929.01,0.0,7.940239313492317e-14
candidate_377,K05930.01,0.0,1.8131258272546802e-08
candidate_378,K04551.01,0.0,5.5816979510625586e-11
candidate_379,K05931.01,0.0,2.4801507978014546e-15
candidate_380,K01906.01,1.0,0.9419897198677063
candidate_381,K07479.01,0.0,6.386377293665646e-08
candidate_382,K06245.01,0.0,4.766124113253471e-18
candidate_383,K06245.02,0.0,1.753782841738674e-21
candidate_384,K05932.01,1.0,0.9999873638153076
candidate_385,K04878.01,0.0,5.5329564929706976e-05
candidate_386,K00436.01,0.0,1.7401756480239783e-08
candidate_387,K05933.01,0.0,6.162675370013915e-10
candidate_388,K03344.03,0.0,3.010963382621412e-06
candidate_389,K05934.01,1.0,0.9999600648880005
candidate_390,K05935.01,0.0,1.4819047173391357e-18
candidate_391,K00777.01,1.0,0.9995606541633606
candidate_392,K05936.01,0.0,7.286757308655467e-10
candidate_393,K00437.01,1.0,0.9999986886978149
candidate_394,K05937.01,0.0,2.0003632084097944e-09
candidate_395,K07483.01,0.0,3.3519992825858935e-07
candidate_396,K03263.01,0.0,0.0004603252746164799
candidate_397,K07484.01,0.0,1.194534979731543e-05
candidate_398,K06246.01,1.0,1.0
candidate_399,K05938.01,0.0,7.68198902639073e-16
candidate_400,K05939.01,0.0,4.3357238101431744e-14
candidate_401,K01510.01,1.0,0.5127667784690857
candidate_402,K08232.01,0.0,1.958251347455734e-21
candidate_403,K07489.01,0.0,0.3146789073944092
candidate_404,K01764.01,0.0,1.0276295370204025e-07
candidate_405,K08068.01,0.0,0.3355576992034912
candidate_406,K05940.01,0.0,0.1195671558380127
candidate_407,K03312.01,1.0,0.9970742464065552
candidate_408,K05941.01,1.0,0.9941396713256836
candidate_409,K05942.01,0.0,2.8218255504605314e-14
candidate_410,K00780.02,1.0,1.0
candidate_411,K03408.01,1.0,0.9999979734420776
candidate_412,K05943.01,0.0,1.8133228877559304e-05
candidate_413,K05945.01,0.0,3.4819934688984098e-28
candidate_414,K05946.01,0.0,2.981125817314023e-07
candidate_415,K04021.01,1.0,0.999996542930603
candidate_416,K04021.02,1.0,0.9556595087051392
candidate_417,K02433.04,1.0,0.9997225403785706
candidate_418,K02433.06,1.0,0.9588813781738281
candidate_419,K02433.07,1.0,0.6166992783546448
candidate_420,K04893.01,1.0,0.9997493624687195
candidate_421,K04129.01,1.0,0.7556162476539612
candidate_422,K04862.01,1.0,0.9547572731971741
candidate_423,K00129.02,0.0,1.939119572694113e-19
candidate_424,K05948.01,0.0,1.124127202803234e-16
candidate_425,K05949.01,0.0,6.887826420332033e-10
candidate_426,K07506.01,0.0,1.3402154941388744e-09
candidate_427,K02590.02,0.0,1.4021466210323297e-09
candidate_428,K05950.01,0.0,6.832609500406761e-08
candidate_429,K05951.01,0.0,7.866867731414374e-16
candidate_430,K07510.01,1.0,0.9999843835830688
candidate_431,K04914.01,0.0,0.00032047153217718005
candidate_432,K05952.01,0.0,1.51855846029925e-19
candidate_433,K03017.01,1.0,0.9967457056045532
candidate_434,K05953.01,0.0,1.4147074978154706e-07
candidate_435,K00141.01,1.0,0.9989303946495056
candidate_436,K05954.01,1.0,0.9999995231628418
candidate_437,K04457.01,0.0,3.541912096949318e-09
candidate_438,K05955.01,0.0,1.1353455865369217e-19
candidate_439,K00547.02,0.0,0.0005805180408060551
candidate_440,K01458.01,1.0,0.9998528957366943
candidate_441,K05956.01,0.0,1.2332932526788742e-13
candidate_442,K02004.03,0.0,0.043145302683115005
candidate_443,K08076.01,0.0,2.057080195072558e-07
candidate_444,K08297.01,0.0,1.322381592039789e-18
candidate_445,K05959.01,0.0,2.475329194270927e-19
candidate_446,K03105.01,0.0,3.352584201365971e-07
candidate_447,K05960.01,0.0,6.497089671819722e-11
candidate_448,K04590.01,1.0,0.9978057742118835
candidate_449,K02449.01,1.0,1.0
candidate_450,K02449.02,0.0,0.0010832645930349827
candidate_451,K00621.01,0.0,3.073563129873946e-05
candidate_452,K01947.01,1.0,0.9999991655349731
candidate_453,K05961.01,0.0,1.484865038037242e-06
candidate_454,K03310.01,1.0,0.9827550053596497
candidate_455,K02384.01,0.0,7.885606464697048e-06
candidate_456,K02264.02,1.0,0.9999703168869019
candidate_457,K02577.01,0.0,0.0006091222749091685
candidate_458,K04595.01,1.0,0.9991931319236755
candidate_459,K08077.01,0.0,2.8090189516660757e-05
candidate_460,K01522.02,1.0,0.9999935626983643
candidate_461,K05964.01,1.0,0.9999895095825195
candidate_462,K02059.02,0.0,1.3654141184815671e-05
candidate_463,K07520.01,0.0,8.017253276193514e-05
candidate_464,K08078.01,0.0,5.091914390131791e-11
candidate_465,K05965.01,0.0,0.0013941437937319279
candidate_466,K05966.01,0.0,2.717948178606695e-22
candidate_467,K00787.03,0.0,3.150881525935361e-20
candidate_468,K04829.01,1.0,0.9999642372131348
candidate_469,K05967.01,0.0,5.370965614804896e-15
candidate_470,K05968.01,0.0,0.005458840634673834
candidate_471,K03091.02,0.0,0.0004397217708174139
candidate_472,K04895.01,0.0,0.00044309947406873107
candidate_473,K04895.02,1.0,0.7728568315505981
candidate_474,K02933.01,0.0,0.0005845632404088974
candidate_475,K00622.01,1.0,0.9807963371276855
candidate_476,K05971.01,0.0,3.0317805557733557e-13
candidate_477,K07534.01,1.0,0.9997962117195129
candidate_478,K04329.01,1.0,0.9999445676803589
candidate_479,K04605.01,1.0,0.9993104934692383
candidate_480,K07535.01,0.0,1.0249839865750232e-09
candidate_481,K05972.01,0.0,4.792318542001794e-09
candidate_482,K05973.01,0.0,1.247661776608828e-22
candidate_483,K04264.01,0.0,1.0283720625276285e-13
candidate_484,K07539.01,1.0,0.9997343420982361
candidate_485,K05974.01,1.0,0.9999996423721313
candidate_486,K08238.01,0.0,5.72055178224627e-15
candidate_487,K04714.01,1.0,0.9036555886268616
candidate_488,K07540.01,0.0,0.16942976415157318
candidate_489,K00548.02,0.0,2.5513413604016932e-08
candidate_490,K02853.01,0.0,0.4471795856952667
candidate_491,K08082.01,1.0,0.9999966621398926
candidate_492,K04497.01,1.0,0.9999892711639404
candidate_493,K04530.01,1.0,0.9999697208404541
candidate_494,K08241.01,0.0,6.624794029325143e-12
candidate_495,K05977.01,0.0,6.455624338048971e-14
candidate_496,K05978.01,0.0,3.8161310998144e-14
candidate_497,K04303.01,0.0,2.488337713657529e-08
candidate_498,K05979.01,0.0,1.4841082803342988e-14
candidate_499,K04245.01,1.0,0.9998871088027954
candidate_500,K00298.02,1.0,1.0
candidate_501,K02184.02,0.0,6.076110725672379e-09
candidate_502,K06253.01,0.0,3.127154357684958e-08
candidate_503,K04923.01,1.0,0.9999998807907104
candidate_504,K00994.01,1.0,0.9999672174453735
candidate_505,K00992.02,0.0,0.06844361871480942
candidate_506,K03145.02,1.0,0.888798177242279
candidate_507,K00993.03,0.0,9.601174966178405e-09
candidate_508,K04644.01,1.0,0.9856377243995667
candidate_509,K07624.01,0.0,1.2524907239409225e-18
candidate_510,K04212.02,1.0,0.9992772936820984
candidate_511,K04926.01,0.0,0.001106404815800488
candidate_512,K06256.01,0.0,8.11008415979586e-09
candidate_513,K02534.02,1.0,0.9999887943267822
candidate_514,K04931.01,0.0,2.900664734448166e-13
candidate_515,K06093.01,1.0,0.9616567492485046
candidate_516,K06093.02,1.0,0.9999997615814209
candidate_517,K04932.01,0.0,6.222752868545456e-10
candidate_518,K06259.01,0.0,8.61143689689925e-06
candidate_519,K06259.02,1.0,0.9835635423660278
candidate_520,K01032.01,0.0,1.408899697707966e-05
candidate_521,K06262.01,0.0,1.276588730558803e-11
candidate_522,K08085.01,0.0,6.073733876954535e-11
candidate_523,K07628.01,1.0,0.9993194341659546
candidate_524,K06263.01,0.0,4.4506919039122295e-06
candidate_525,K07630.01,1.0,0.9999998807907104
candidate_526,K04709.01,1.0,0.9980906844139099
candidate_527,K02610.01,1.0,0.9950256943702698
candidate_528,K02610.02,1.0,0.999951958656311
candidate_529,K00151.01,0.0,3.3294009771367428e-09
candidate_530,K04938.01,0.0,0.003400059649720788
candidate_531,K06267.01,1.0,0.9998230338096619
candidate_532,K02603.01,1.0,0.9999582767486572
candidate_533,K00379.02,0.0,2.0764949482110495e-10
candidate_534,K06274.01,0.0,3.054776243516244e-06
candidate_535,K02009.01,1.0,1.0
candidate_536,K04943.01,1.0,1.0
candidate_537,K06276.01,1.0,0.9652405381202698
candidate_538,K04655.01,0.0,0.07212302833795547
candidate_539,K04581.01,0.0,3.992641268268926e-06
candidate_540,K04333.01,0.0,6.175849355570875e-14
candidate_541,K07635.01,1.0,0.8385810256004333
candidate_542,K02064.01,1.0,0.9999997615814209
candidate_543,K07636.01,0.0,1.3157034572941484e-06
candidate_544,K03077.02,1.0,0.9999959468841553
candidate_545,K03053.02,0.0,6.715254130540416e-05
candidate_546,K06291.01,1.0,0.9999990463256836
candidate_547,K01942.02,0.0,0.0005823465180583298
candidate_548,K06293.01,0.0,3.827807848466591e-09
candidate_549,K07638.01,1.0,0.9999988079071045
candidate_550,K01110.02,0.0,3.604449739214033e-05
candidate_551,K03416.01,0.0,0.0023607842158526182
candidate_552,K06097.01,0.0,1.7748355682269817e-13
candidate_553,K06097.02,0.0,2.7110389627088578e-17
candidate_554,K06097.03,0.0,1.8622441167793526e-14
candidate_555,K06097.04,0.0,4.0930207492609685e-14
candidate_556,K04298.01,1.0,0.8882599472999573
candidate_557,K03259.01,0.0,6.9629582100105836e-09
candidate_558,K01118.01,1.0,1.0
candidate_559,K02081.01,1.0,0.9998680353164673
candidate_560,K02232.02,1.0,0.999993085861206
candidate_561,K04418.01,0.0,1.9984918234183802e-11
candidate_562,K04857.01,1.0,0.999977707862854
candidate_563,K01103.01,1.0,0.9999711513519287
candidate_564,K04957.02,0.0,4.0271395846502855e-05
candidate_565,K04958.01,0.0,1.7505482901469804e-05
candidate_566,K06299.01,0.0,4.810624787410234e-08
candidate_567,K03034.01,1.0,0.8787371516227722
candidate_568,K01788.02,0.0,1.7526648535270972e-11
candidate_569,K04849.01,0.0,0.030251655727624893
candidate_570,K07641.01,0.0,7.493225484545007e-10
candidate_571,K02807.01,1.0,0.9921966791152954
candidate_572,K04875.01,0.0,1.1392122587494669e-06
candidate_573,K04960.01,0.0,9.622648633467179e-08
candidate_574,K06301.01,1.0,0.999998927116394
candidate_575,K04389.01,1.0,0.9999972581863403
candidate_576,K04961.01,0.0,5.325691597895036e-16
candidate_577,K02380.01,1.0,0.9999676942825317
candidate_578,K02186.01,1.0,1.0
candidate_579,K04844.01,0.0,3.9892828176482766e-18
candidate_580,K04963.01,0.0,2.3949305614223704e-06
candidate_581,K03483.01,0.0,0.2210601568222046
candidate_582,K04145.01,0.0,8.270846763025475e-08
candidate_583,K04395.01,1.0,0.9999781847000122
candidate_584,K03225.01,1.0,0.9998345375061035
candidate_585,K07644.01,0.0,4.255618478055112e-06
candidate_586,K04144.01,0.0,8.405244500409026e-09
candidate_587,K00797.01,0.0,0.0267473217099905
candidate_588,K03203.01,1.0,0.8126349449157715
candidate_589,K02055.04,0.0,0.0020683249458670616
candidate_590,K07645.01,0.0,1.580906629564116e-12
candidate_591,K03395.01,1.0,0.9716224074363708
candidate_592,K03395.02,1.0,0.9999167919158936
candidate_593,K03072.01,1.0,0.9999991655349731
candidate_594,K04548.01,1.0,0.9960582256317139
candidate_595,K06100.02,0.0,6.145055287484988e-17
candidate_596,K02150.02,1.0,0.8044809699058533
candidate_597,K01096.01,0.0,4.704609928734519e-22
candidate_598,K03068.01,1.0,0.999630331993103
candidate_599,K03068.02,1.0,0.9892138838768005
candidate_600,K07648.01,0.0,1.1992539773741928e-11
candidate_601,K03343.01,0.0,0.44909554719924927
candidate_602,K04967.01,1.0,0.9966291785240173
candidate_603,K01106.03,1.0,0.9999343156814575
candidate_604,K04969.01,0.0,3.641362955351367e-21
candidate_605,K01101.02,1.0,0.9999996423721313
candidate_606,K06315.01,1.0,0.9999998807907104
candidate_607,K02052.01,0.0,8.36415114946476e-09
candidate_608,K06318.01,1.0,0.9999452829360962
candidate_609,K06320.01,0.0,4.982397058483912e-06
candidate_610,K01095.01,0.0,0.26533159613609314
candidate_611,K04972.01,0.0,6.235683627439648e-13
candidate_612,K01772.01,0.0,0.007066073827445507
candidate_613,K06329.01,0.0,5.0818939598684665e-06
candidate_614,K03448.01,1.0,0.9999995231628418
candidate_615,K04975.01,1.0,0.9998688697814941
candidate_616,K04976.01,0.0,6.2306668265230014e-18
candidate_617,K06331.01,1.0,0.999907374382019
candidate_618,K04977.01,1.0,0.9997259974479675
candidate_619,K00268.01,1.0,1.0
candidate_620,K04978.01,0.0,8.639938050972494e-26
candidate_621,K02288.01,1.0,0.9997029304504395
candidate_622,K04981.01,0.0,5.993759941702592e-07
candidate_623,K01198.04,0.0,0.00043714611092582345
candidate_624,K04205.01,1.0,0.9998225569725037
candidate_625,K00802.01,1.0,0.9961065053939819
candidate_626,K03340.01,0.0,0.02812393568456173
candidate_627,K03340.02,1.0,0.999874472618103
candidate_628,K05987.01,0.0,0.012576762586832047
candidate_629,K01209.01,0.0,8.195169261086821e-13
candidate_630,K04626.01,1.0,0.998762845993042
candidate_631,K04986.01,0.0,2.957496432632945e-21
candidate_632,K00366.01,0.0,0.017983583733439445
candidate_633,K06341.01,0.0,4.4783821095961684e-08
candidate_634,K06102.01,0.0,1.7801028430813098e-26
candidate_635,K06342.01,1.0,0.999966025352478
candidate_636,K04535.02,0.0,0.004226323217153549
candidate_637,K02194.03,0.0,1.0081035206845807e-18
candidate_638,K06343.01,0.0,2.718169656371061e-12
candidate_639,K04991.01,0.0,3.5472871862118893e-10
candidate_640,K04357.01,1.0,0.9999901056289673
candidate_641,K04992.01,1.0,0.9999819993972778
candidate_642,K01194.02,0.0,0.1749838888645172
candidate_643,K04456.01,0.0,0.002000252716243267
candidate_644,K04307.01,0.0,1.2135089377807162e-07
candidate_645,K03440.02,0.0,0.012710990384221077
candidate_646,K00492.02,0.0,1.161756281453652e-11
candidate_647,K03398.03,1.0,0.9989883303642273
candidate_648,K08242.01,0.0,1.6637154746112937e-19
candidate_649,K06103.02,0.0,0.3940105736255646
candidate_650,K01192.01,0.0,9.97465685941279e-05
candidate_651,K04385.03,0.0,1.6656827938277274e-05
candidate_652,K04999.01,1.0,0.9992886185646057
candidate_653,K05001.01,1.0,0.9997605681419373
candidate_654,K01861.01,1.0,0.9996814727783203
candidate_655,K07662.01,1.0,0.9999986886978149
candidate_656,K02750.01,1.0,0.9999966621398926
candidate_657,K06352.01,1.0,0.9129748344421387
candidate_658,K08089.01,0.0,9.962581974665152e-13
candidate_659,K06353.01,0.0,1.6143188759087934e-06
candidate_660,K02261.02,1.0,0.9999343156814575
candidate_661,K04103.02,0.0,0.0067708794958889484
candidate_662,K05003.01,0.0,7.555840409556147e-16
candidate_663,K06355.01,1.0,0.9998377561569214
candidate_664,K06355.02,0.0,0.0035103328991681337
candidate_665,K05004.01,0.0,0.00039747278788127005
candidate_666,K03142.01,1.0,0.999849796295166
candidate_667,K01206.01,1.0,0.9999313354492188
candidate_668,K05006.01,0.0,1.5999394864518734e-10
candidate_669,K05007.01,1.0,0.8920796513557434
candidate_670,K05007.02,1.0,0.9999924898147583
candidate_671,K04853.01,1.0,0.9999825954437256
candidate_672,K07668.01,0.0,0.0006124459323473275
candidate_673,K02141.01,0.0,3.4726028388831764e-05
candidate_674,K06358.01,1.0,0.9999837875366211
candidate_675,K04526.01,1.0,0.9999977350234985
candidate_676,K04526.02,0.0,2.7177209631190635e-05
candidate_677,K05009.01,0.0,2.823112577043929e-11
candidate_678,K07670.01,0.0,1.9114635207984065e-08
candidate_679,K03389.01,0.0,0.1433943212032318
candidate_680,K04780.01,1.0,0.9999971389770508
candidate_681,K07673.01,0.0,0.028907012194395065
candidate_682,K06368.01,1.0,0.9997192025184631
candidate_683,K05021.01,0.0,9.373525321457416e-25
candidate_684,K05022.01,0.0,4.440099004611453e-13
candidate_685,K04685.01,0.0,1.5371516968612461e-18
candidate_686,K07676.01,0.0,0.006020464468747377
candidate_687,K06372.01,0.0,3.8915303813592816e-13
candidate_688,K04084.02,1.0,0.9910280108451843
candidate_689,K04084.03,0.0,1.6318224993483454e-07
candidate_690,K01193.01,0.0,0.012030737474560738
candidate_691,K05027.01,0.0,0.06369230151176453
candidate_692,K01208.01,0.0,2.451445482165582e-07
candidate_693,K07546.01,0.0,3.2483783837554485e-18
candidate_694,K05030.01,0.0,2.9249142035258843e-14
candidate_695,K06375.01,1.0,0.9999971389770508
candidate_696,K05033.01,0.0,2.6443538123944253e-17
candidate_697,K02519.01,1.0,0.9977110624313354
candidate_698,K07678.01,1.0,0.9988858103752136
candidate_699,K02295.01,1.0,0.9999991655349731
candidate_700,K07679.01,0.0,0.00024949724320322275
candidate_701,K00100.01,0.0,0.0001496151089668274
candidate_702,K04570.01,0.0,0.44142669439315796
candidate_703,K05035.01,0.0,4.2245651421524144e-11
candidate_704,K05037.01,0.0,5.35597801853098e-25
candidate_705,K07680.01,0.0,6.757115422750815e-10
candidate_706,K03041.01,0.0,0.17336630821228027
candidate_707,K07681.01,1.0,0.999998927116394
candidate_708,K01328.01,1.0,0.9999164342880249
candidate_709,K03777.01,0.0,1.2084292984673728e-12
candidate_710,K06384.01,0.0,3.262270228260311e-12
candidate_711,K01319.02,0.0,4.07095884780162e-12
candidate_712,K05040.01,1.0,0.9999994039535522
candidate_713,K06108.01,0.0,2.1106847121010945e-26
candidate_714,K07685.01,1.0,0.9973094463348389
candidate_715,K07685.02,1.0,1.0
candidate_716,K03880.01,0.0,0.011474605649709702
candidate_717,K05044.01,0.0,1.6199554198070842e-10
candidate_718,K01860.04,0.0,0.41182005405426025
candidate_719,K05046.01,0.0,1.376286775332121e-27
candidate_720,K03864.02,0.0,0.000858901534229517
candidate_721,K02386.01,1.0,0.9999997615814209
candidate_722,K02531.01,1.0,1.0
candidate_723,K04427.01,0.0,6.804647123548335e-11
candidate_724,K00185.01,0.0,7.997857376373929e-10
candidate_725,K05048.01,0.0,5.156538059537168e-16
candidate_726,K01934.01,1.0,0.9999583959579468
candidate_727,K02311.01,0.0,1.6617084501019045e-18
candidate_728,K02311.02,0.0,3.8704770304320846e-06
candidate_729,K02821.01,0.0,2.0469577338841034e-23
candidate_730,K00396.01,1.0,1.0
candidate_731,K07687.01,1.0,0.9976589679718018
candidate_732,K06111.01,0.0,1.234278791791919e-17
candidate_733,K03202.01,0.0,0.0001053765372489579
candidate_734,K03358.01,1.0,0.9999884366989136
candidate_735,K04810.01,0.0,3.263926919316873e-05
candidate_736,K06399.01,1.0,0.9999203681945801
candidate_737,K01331.01,1.0,0.9999997615814209
candidate_738,K01619.01,1.0,0.8703195452690125
candidate_739,K04774.01,1.0,0.9999980926513672
candidate_740,K06401.01,0.0,5.463098574323873e-14
candidate_741,K05057.01,0.0,3.0173253218884755e-12
candidate_742,K01803.01,1.0,0.9964358806610107
candidate_743,K03258.01,1.0,0.9999970197677612
candidate_744,K02876.01,1.0,0.9999874830245972
candidate_745,K06409.01,0.0,0.0006511937244795263
candidate_746,K07693.01,0.0,2.9634620659635402e-06
candidate_747,K02942.01,1.0,0.999996542930603
candidate_748,K08246.01,0.0,7.641843269290405e-10
candidate_749,K03168.01,0.0,4.277362393168005e-07
candidate_750,K06115.01,0.0,7.512530365589437e-14
candidate_751,K01338.02,0.0,0.1338704377412796
candidate_752,K01338.03,0.0,6.727013612817245e-08
candidate_753,K05066.01,0.0,7.420726901886943e-14
candidate_754,K01656.01,1.0,0.9999998807907104
candidate_755,K03878.02,1.0,1.0
candidate_756,K04452.01,0.0,0.44288861751556396
candidate_757,K05067.01,0.0,2.3588967584808884e-11
candidate_758,K00626.02,0.0,2.6506386348046362e-06
candidate_759,K05068.01,0.0,2.1970879907641427e-17
candidate_760,K00815.01,0.0,0.019607584923505783
candidate_761,K02855.01,1.0,0.9999514818191528
candidate_762,K04288.02,1.0,0.9994897842407227
candidate_763,K04288.04,0.0,8.834024178838717e-09
candidate_764,K04157.02,1.0,0.9191995859146118
candidate_765,K02691.01,0.0,4.61734282569909e-16
candidate_766,K05071.01,1.0,0.5696520209312439
candidate_767,K06425.01,0.0,2.2349357607642784e-12
candidate_768,K04353.01,1.0,0.9992485046386719
candidate_769,K08249.01,0.0,1.776507367246581e-19
candidate_770,K04680.01,1.0,0.9999860525131226
candidate_771,K03811.01,0.0,3.435414279440163e-12
candidate_772,K03437.02,1.0,0.9999535083770752
candidate_773,K02560.01,1.0,0.9999997615814209
candidate_774,K07700.01,0.0,2.1205705594273816e-11
candidate_775,K03069.01,1.0,0.920003354549408
candidate_776,K03184.03,1.0,0.9418557286262512
candidate_777,K01996.02,1.0,0.999998927116394
candidate_778,K05079.01,0.0,7.171563343177922e-10
candidate_779,K06118.01,0.0,9.27426117414143e-06
candidate_780,K06118.02,0.0,1.65043293236522e-05
candidate_781,K07703.01,0.0,1.3850900250304632e-20
candidate_782,K06120.01,1.0,0.9999979734420776
candidate_783,K06120.02,0.0,0.01417817547917366
candidate_784,K07704.01,1.0,0.9999840259552002
candidate_785,K04649.01,0.0,0.0012790857581421733
candidate_786,K05083.01,0.0,2.5297082137387683e-12
candidate_787,K06447.02,0.0,6.140960678337193e-13
candidate_788,K01455.01,0.0,3.6296574634775425e-09
candidate_789,K06449.01,0.0,1.1345573369681006e-09
candidate_790,K05085.01,0.0,1.0979379886199177e-33
candidate_791,K07706.01,0.0,3.2105046329542766e-25
candidate_792,K06450.01,0.0,1.7248943666388265e-20
candidate_793,K02971.01,0.0,0.0023342629428952932
candidate_794,K02971.02,0.0,0.0003589947591535747
candidate_795,K02243.03,1.0,0.7802126407623291
candidate_796,K05087.01,0.0,3.8805837500604162e-22
candidate_797,K04367.01,0.0,8.546288475577013e-17
candidate_798,K05088.01,0.0,0.4169144034385681
candidate_799,K07708.01,0.0,5.223525022302056e-06
candidate_800,K03823.01,0.0,1.3308616150351353e-19
candidate_801,K01660.01,1.0,0.9999990463256836
candidate_802,K06454.01,1.0,0.9565786123275757
candidate_803,K02739.02,1.0,0.9990153312683105
candidate_804,K00605.02,1.0,0.9995465874671936
candidate_805,K05092.01,0.0,2.275135260885379e-16
candidate_806,K04813.01,1.0,1.0
candidate_807,K04498.01,1.0,0.9988861680030823
candidate_808,K03469.01,0.0,1.6584897821303457e-05
candidate_809,K02900.01,1.0,1.0
candidate_810,K01884.01,1.0,0.999721348285675
candidate_811,K01884.02,0.0,1.908767626446206e-05
candidate_812,K03061.02,0.0,1.4193146657959232e-11
candidate_813,K01602.02,1.0,0.9999738931655884
candidate_814,K06464.03,0.0,3.3325420645269332e-06
candidate_815,K07554.01,0.0,8.596361955603982e-10
candidate_816,K04717.01,0.0,2.178642489525373e-06
candidate_817,K05098.01,0.0,8.169709872163367e-06
candidate_818,K05099.01,0.0,1.6495776065364367e-16
candidate_819,K05101.01,0.0,1.0494692305280968e-23
candidate_820,K05104.01,1.0,0.999915599822998
candidate_821,K01582.01,1.0,0.9365358948707581
candidate_822,K04766.01,1.0,0.9999349117279053
candidate_823,K01665.02,0.0,2.810833510391575e-10
candidate_824,K02962.01,0.0,0.14624720811843872
candidate_825,K06475.01,1.0,0.999911904335022
candidate_826,K02899.01,1.0,0.9999988079071045
candidate_827,K07711.01,0.0,1.6439146322422965e-13
candidate_828,K05107.01,0.0,3.921299324644381e-17
candidate_829,K04377.01,1.0,0.999972939491272
candidate_830,K03936.01,0.0,6.964416148117246e-19
candidate_831,K00501.01,1.0,0.9999997615814209
candidate_832,K04676.01,0.0,3.805857945416921e-15
candidate_833,K05110.01,0.0,7.802419599084107e-14
candidate_834,K06484.01,0.0,0.02306244894862175
candidate_835,K07712.01,0.0,1.1700103386136362e-10
candidate_836,K04524.02,1.0,0.9999730587005615
candidate_837,K04524.03,1.0,0.9992457628250122
candidate_838,K03421.01,1.0,0.6420188546180725
candidate_839,K03770.01,1.0,0.9964876174926758
candidate_840,K01666.01,1.0,0.9996980428695679
candidate_841,K06489.01,0.0,9.910075959851383e-07
candidate_842,K05117.01,1.0,0.999995231628418
candidate_843,K01573.02,1.0,0.9999849796295166
candidate_844,K04546.01,1.0,0.9966108798980713
candidate_845,K05119.01,0.0,6.26175723702642e-17
candidate_846,K01597.01,1.0,0.9999091625213623
candidate_847,K03065.01,0.0,1.5689215260294986e-08
candidate_848,K01843.02,0.0,0.009152132086455822
candidate_849,K06511.01,1.0,0.9999574422836304
candidate_850,K06513.01,0.0,6.542150458699325e-06
candidate_851,K07715.01,0.0,3.123141922856121e-08
candidate_852,K06516.01,0.0,5.526046152226627e-06
candidate_853,K06516.02,0.0,1.2614189207060811e-11
candidate_854,K05124.01,0.0,0.0014942357083782554
candidate_855,K02607.01,1.0,0.9999595880508423
candidate_856,K04331.01,1.0,0.9989820122718811
candidate_857,K07716.01,0.0,1.189762942029396e-13
candidate_858,K08253.01,0.0,1.0047320608460175e-22
candidate_859,K05126.01,0.0,2.4808719531824175e-13
candidate_860,K06526.01,0.0,1.0488751811126061e-15
candidate_861,K00823.01,0.0,3.326598108088774e-09
candidate_862,K04428.01,0.0,0.29772496223449707
candidate_863,K04208.01,1.0,0.9997784495353699
candidate_864,K00641.01,1.0,0.9999998807907104
candidate_865,K05130.01,0.0,4.858069242025254e-13
candidate_866,K06532.01,1.0,0.9999681711196899
candidate_867,K02563.02,1.0,0.9999986886978149
candidate_868,K04246.02,1.0,0.9997830986976624
candidate_869,K05134.01,1.0,0.9608672857284546
candidate_870,K05135.01,0.0,6.987636858024615e-11
candidate_871,K01670.01,1.0,0.9999996423721313
candidate_872,K02719.02,0.0,1.51893910782519e-08
candidate_873,K06538.01,1.0,0.9851824641227722
candidate_874,K03323.01,1.0,0.9991512298583984
candidate_875,K02695.01,1.0,0.9977365732192993
candidate_876,K04178.01,1.0,0.9977923631668091
candidate_877,K04912.01,0.0,6.606337410630658e-05
candidate_878,K02158.02,1.0,0.9999902248382568
candidate_879,K06542.01,0.0,1.6651774785714224e-05
candidate_880,K04713.01,0.0,0.0001511880982434377
candidate_881,K05142.01,0.0,1.6651548617733962e-21
candidate_882,K03368.01,1.0,0.9999793767929077
candidate_883,K06546.01,1.0,0.6852748990058899
candidate_884,K07558.01,0.0,2.811017657222692e-05
candidate_885,K01547.01,1.0,0.9996434450149536
candidate_886,K05149.01,1.0,0.9056633114814758
candidate_887,K03463.01,0.0,1.0242657566550406e-07
candidate_888,K06557.01,1.0,0.9999810457229614
candidate_889,K01576.03,1.0,1.0
candidate_890,K06127.01,0.0,1.7947960203973988e-18
candidate_891,K04750.01,0.0,1.2978314423151005e-08
candidate_892,K01562.02,0.0,0.35367822647094727
candidate_893,K02666.01,1.0,0.9999998807907104
candidate_894,K04467.01,1.0,0.9994528889656067
candidate_895,K06568.01,0.0,2.3063331866524095e-07
candidate_896,K01675.01,1.0,1.0
candidate_897,K05155.01,1.0,0.999932050704956
candidate_898,K06570.01,0.0,1.4776392331938837e-09
candidate_899,K03444.01,1.0,0.9999998807907104
candidate_900,K03444.02,1.0,0.9401370882987976
candidate_901,K03444.03,0.0,2.112262809106369e-09
candidate_902,K03444.04,1.0,0.9991042613983154
candidate_903,K02370.01,0.0,3.271171181151722e-11
candidate_904,K04323.01,1.0,0.9999949932098389
candidate_905,K04591.01,0.0,3.916914010915207e-06
candidate_906,K05158.01,0.0,1.0061673431606809e-16
candidate_907,K05160.01,1.0,0.9999063014984131
candidate_908,K05162.01,0.0,3.228170675719411e-16
candidate_909,K06130.01,0.0,1.7200305428068574e-24
candidate_910,K04558.01,1.0,0.9999885559082031
candidate_911,K04351.01,0.0,1.519309339083764e-15
candidate_912,K05164.01,0.0,5.964669116173405e-19
candidate_913,K04907.01,0.0,0.00021414122602436692
candidate_914,K05165.01,0.0,4.388432950364063e-10
candidate_915,K00607.01,1.0,0.9993008375167847
candidate_916,K05169.01,0.0,0.0003666279371827841
candidate_917,K00554.01,0.0,0.00041021720971912146
candidate_918,K07559.01,0.0,2.1182503667782626e-11
candidate_919,K06579.01,1.0,0.9999538660049438
candidate_920,K04508.01,1.0,0.9998950958251953
candidate_921,K07729.01,0.0,1.2424791195897456e-09
candidate_922,K06582.01,0.0,3.334017310407944e-05
candidate_923,K03504.02,0.0,1.8730100832173503e-18
candidate_924,K03050.01,0.0,0.04950803518295288
candidate_925,K01546.01,0.0,6.45859699943685e-07
candidate_926,K04541.01,1.0,0.9895040988922119
candidate_927,K04541.02,1.0,0.9999972581863403
candidate_928,K01962.01,1.0,1.0
candidate_929,K05174.01,0.0,1.187859532958413e-10
candidate_930,K01677.02,0.0,1.5392959539894946e-05
candidate_931,K05176.01,0.0,1.3712718100578059e-05
candidate_932,K00647.02,0.0,1.221708589582704e-05
candidate_933,K01681.01,1.0,0.9999996423721313
candidate_934,K01681.03,1.0,0.9999806880950928
candidate_935,K01681.04,0.0,0.0028737576212733984
candidate_936,K01590.01,0.0,0.0015663146041333675
candidate_937,K01590.03,1.0,0.823472261428833
candidate_938,K03226.02,0.0,5.3097144700586796e-05
candidate_939,K02160.02,0.0,7.877824503843556e-10
candidate_940,K03119.01,1.0,0.9993233680725098
candidate_941,K04495.01,0.0,0.0044020372442901134
candidate_942,K06598.01,0.0,0.028508948162198067
candidate_943,K03377.01,1.0,0.9996750354766846
candidate_944,K03309.01,0.0,0.20758582651615143
candidate_945,K06600.01,1.0,0.9966705441474915
candidate_946,K00648.01,0.0,8.359917792744032e-12
candidate_947,K06601.01,0.0,0.4859517514705658
candidate_948,K02369.02,0.0,1.7232180127280117e-08
candidate_949,K02369.03,0.0,0.40990421175956726
candidate_950,K03206.01,1.0,0.9999915361404419
candidate_951,K00649.02,1.0,0.9997842907905579
candidate_952,K02915.01,1.0,0.9999997615814209
candidate_953,K07733.01,0.0,1.6532685265246982e-07
candidate_954,K06605.01,0.0,0.0
candidate_955,K03341.01,0.0,0.37431302666664124
candidate_956,K03341.02,1.0,0.9999994039535522
candidate_957,K06132.01,1.0,1.0
candidate_958,K06132.03,1.0,0.9999035596847534
candidate_959,K06610.01,0.0,3.966337078654264e-13
candidate_960,K02882.01,0.0,5.7686414947966114e-05
candidate_961,K04705.01,-1.0,-1.0
candidate_962,K04837.01,-1.0,-1.0
candidate_963,K05188.01,-1.0,-1.0
candidate_964,K04827.01,-1.0,-1.0
candidate_965,K08257.01,-1.0,-1.0
candidate_966,K04587.01,-1.0,-1.0
candidate_967,K07735.01,-1.0,-1.0
candidate_968,K04097.02,-1.0,-1.0
candidate_969,K00283.03,-1.0,-1.0
candidate_970,K04756.01,-1.0,-1.0
candidate_971,K05192.01,-1.0,-1.0
candidate_972,K06617.01,-1.0,-1.0
candidate_973,K06618.01,-1.0,-1.0
candidate_974,K02183.03,-1.0,-1.0
candidate_975,K03396.01,-1.0,-1.0
candidate_976,K00272.01,-1.0,-1.0
candidate_977,K02189.01,-1.0,-1.0
candidate_978,K01793.01,-1.0,-1.0
candidate_979,K05196.01,-1.0,-1.0
candidate_980,K04913.01,-1.0,-1.0
candidate_981,K04913.02,-1.0,-1.0
candidate_982,K03810.01,-1.0,-1.0
candidate_983,K04443.01,-1.0,-1.0
candidate_984,K04259.01,-1.0,-1.0
candidate_985,K02927.01,-1.0,-1.0
candidate_986,K00841.04,-1.0,-1.0
candidate_987,K00841.05,-1.0,-1.0
candidate_988,K05202.01,-1.0,-1.0
candidate_989,K08107.01,-1.0,-1.0
candidate_990,K04398.01,-1.0,-1.0
candidate_991,K06137.01,-1.0,-1.0
candidate_992,K04686.01,-1.0,-1.0
candidate_993,K01839.02,-1.0,-1.0
candidate_994,K05205.01,-1.0,-1.0
candidate_995,K08109.01,-1.0,-1.0
candidate_996,K05207.01,-1.0,-1.0
candidate_997,K06631.01,-1.0,-1.0
candidate_998,K07744.01,-1.0,-1.0
candidate_999,K07562.01,-1.0,-1.0
candidate_1000,K07746.01,-1.0,-1.0
candidate_1001,K02744.02,-1.0,-1.0
candidate_1002,K07749.01,-1.0,-1.0
candidate_1003,K07750.01,-1.0,-1.0
candidate_1004,K00126.02,-1.0,-1.0
candidate_1005,K03422.01,-1.0,-1.0
candidate_1006,K03426.01,-1.0,-1.0
candidate_1007,K03029.01,-1.0,-1.0
candidate_1008,K03029.02,-1.0,-1.0
candidate_1009,K02377.01,-1.0,-1.0
candidate_1010,K05211.01,-1.0,-1.0
candidate_1011,K04633.01,-1.0,-1.0
candidate_1012,K05213.01,-1.0,-1.0
candidate_1013,K08111.01,-1.0,-1.0
candidate_1014,K08259.01,-1.0,-1.0
candidate_1015,K01053.02,-1.0,-1.0
candidate_1016,K05216.01,-1.0,-1.0
candidate_1017,K06641.01,-1.0,-1.0
candidate_1018,K03909.01,-1.0,-1.0
candidate_1019,K00191.03,-1.0,-1.0
candidate_1020,K02321.02,-1.0,-1.0
candidate_1021,K05219.01,-1.0,-1.0
candidate_1022,K03190.01,-1.0,-1.0
candidate_1023,K06646.01,-1.0,-1.0
candidate_1024,K05222.01,-1.0,-1.0
candidate_1025,K05223.01,0.0,2.666942361395641e-11
candidate_1026,K03411.01,1.0,0.9596400260925293
candidate_1027,K05224.01,0.0,1.501674333979153e-18
candidate_1028,K02949.01,0.0,0.030474532395601273
candidate_1029,K02949.02,0.0,0.05953960120677948
candidate_1030,K00304.02,1.0,0.9999897480010986
candidate_1031,K06141.01,0.0,1.6364227613491038e-14
candidate_1032,K05226.01,0.0,3.823627048404887e-05
candidate_1033,K05227.01,0.0,7.906876538584542e-17
candidate_1034,K05228.01,0.0,1.964437293389132e-11
candidate_1035,K05229.01,0.0,2.071918347610821e-13
candidate_1036,K02167.02,1.0,0.999919056892395
candidate_1037,K05230.01,0.0,7.230255061330126e-09
candidate_1038,K07759.01,1.0,0.9902262091636658
candidate_1039,K04764.01,1.0,0.9999979734420776
candidate_1040,K06653.01,1.0,0.9675062298774719
candidate_1041,K05231.01,1.0,0.9945923686027527
candidate_1042,K06657.01,0.0,1.790047667386785e-24
candidate_1043,K03500.02,0.0,1.0153191620787538e-09
candidate_1044,K05236.01,0.0,1.1357224965529103e-18
candidate_1045,K04632.01,0.0,0.00012236139446031302
candidate_1046,K03004.02,1.0,0.907957911491394
candidate_1047,K07762.01,0.0,0.0002330349525436759
candidate_1048,K06664.01,0.0,0.0023827911354601383
candidate_1049,K05237.01,0.0,6.457476155359576e-13
candidate_1050,K06142.01,0.0,5.932902010386681e-14
candidate_1051,K06142.02,0.0,4.619374158210121e-05
candidate_1052,K06142.03,0.0,3.6777953937416896e-05
candidate_1053,K02343.01,1.0,0.9999988079071045
candidate_1054,K07764.01,0.0,4.990057325682251e-11
candidate_1055,K06666.01,0.0,0.0001645641605136916
candidate_1056,K03307.01,0.0,0.014251505956053734
candidate_1057,K04123.01,1.0,0.9999994039535522
candidate_1058,K04602.01,1.0,0.9999629259109497
candidate_1059,K00227.01,1.0,0.9985356330871582
candidate_1060,K04496.01,0.0,5.033134016230179e-07
candidate_1061,K06672.01,1.0,0.9926123023033142
candidate_1062,K04463.01,1.0,0.9997828602790833
candidate_1063,K05247.01,0.0,1.4685857653085366e-19
candidate_1064,K02636.02,1.0,0.9365870952606201
candidate_1065,K05248.01,0.0,5.08873365113589e-18
candidate_1066,K03397.01,1.0,0.9999997615814209
candidate_1067,K05249.01,0.0,0.14790330827236176
candidate_1068,K06676.01,0.0,3.366903781871419e-23
candidate_1069,K01750.02,1.0,0.9997003078460693
candidate_1070,K04793.01,0.0,7.452254635609279e-08
candidate_1071,K06145.03,1.0,0.9998962879180908
candidate_1072,K04274.01,0.0,1.7130124874142894e-08
candidate_1073,K07773.01,0.0,1.5941812137043598e-07
candidate_1074,K04715.01,1.0,0.9999997615814209
candidate_1075,K06680.01,1.0,0.9999891519546509
candidate_1076,K05254.01,0.0,0.000162716576596722
candidate_1077,K01613.02,0.0,0.17886441946029663
candidate_1078,K01613.03,1.0,0.9999986886978149
candidate_1079,K04477.01,1.0,0.8761886358261108
candidate_1080,K07774.01,1.0,0.999494194984436
candidate_1081,K07775.01,0.0,7.436312850217508e-13
candidate_1082,K00415.01,0.0,0.37188512086868286
candidate_1083,K04302.01,1.0,0.999998927116394
candidate_1084,K00212.01,1.0,0.9999873638153076
candidate_1085,K06687.01,0.0,1.7027204535224882e-07
candidate_1086,K02050.02,1.0,0.9918968081474304
candidate_1087,K05262.01,0.0,4.280589200789109e-05
candidate_1088,K00611.01,0.0,0.005586271174252033
candidate_1089,K04627.01,0.0,0.0009491469827480614
candidate_1090,K06689.01,0.0,4.856463231561747e-09
candidate_1091,K02775.01,1.0,0.9999998807907104
candidate_1092,K05264.01,0.0,8.200501909472191e-13
candidate_1093,K05266.01,0.0,2.1259656257655024e-09
candidate_1094,K05267.01,0.0,2.2062713469495066e-06
candidate_1095,K04410.01,1.0,0.9999938011169434
candidate_1096,K07776.01,0.0,7.350230043752862e-14
candidate_1097,K08263.01,0.0,4.0022716044085804e-13
candidate_1098,K03040.01,1.0,0.9999910593032837
candidate_1099,K04794.01,0.0,3.1184388404881247e-09
candidate_1100,K01127.03,0.0,5.675742098532055e-09
candidate_1101,K05268.01,0.0,1.8853843833377404e-11
candidate_1102,K04391.01,1.0,0.9996609687805176
candidate_1103,K05269.01,0.0,1.3491438081121641e-15
candidate_1104,K02404.01,0.0,4.905071574606845e-12
candidate_1105,K03456.02,0.0,2.9481926700317704e-16
candidate_1106,K05274.01,0.0,9.589442954982541e-13
candidate_1107,K05275.01,0.0,1.265551655442107e-13
candidate_1108,K06697.01,0.0,2.5352532556356623e-16
candidate_1109,K05276.01,0.0,1.9880717072595644e-09
candidate_1110,K04554.01,1.0,0.8427800536155701
candidate_1111,K05278.01,0.0,0.0017222865717485547
candidate_1112,K06698.01,0.0,7.959082698461017e-11
candidate_1113,K05279.01,0.0,9.553311741683501e-08
candidate_1114,K06705.01,0.0,9.720212348302633e-16
candidate_1115,K04900.01,1.0,0.9999222755432129
candidate_1116,K05281.01,0.0,2.7811145313777486e-12
candidate_1117,K04861.01,1.0,0.9999880790710449
candidate_1118,K02828.02,0.0,1.6346219815041552e-19
candidate_1119,K06707.01,0.0,9.24485721043311e-06
candidate_1120,K02976.01,1.0,0.9999998807907104
candidate_1121,K01246.01,1.0,0.9999997615814209
candidate_1122,K05283.01,0.0,0.08188779652118683
candidate_1123,K05284.01,0.0,8.769839041633531e-06
candidate_1124,K07567.01,0.0,1.8764631197048587e-23
candidate_1125,K07780.01,1.0,0.9999809265136719
candidate_1126,K02840.01,0.0,0.0003998478059656918
candidate_1127,K02840.02,1.0,0.9999995231628418
candidate_1128,K08122.01,0.0,8.084211875229383e-14
candidate_1129,K03815.01,0.0,0.01789138652384281
candidate_1130,K00416.03,1.0,0.9999783039093018
candidate_1131,K00416.04,1.0,0.9996386766433716
candidate_1132,K05287.01,1.0,0.9731839299201965
candidate_1133,K05288.01,1.0,0.9999849796295166
candidate_1134,K02445.01,1.0,0.9999996423721313
candidate_1135,K05289.01,0.0,1.1174619172701905e-12
candidate_1136,K05290.01,0.0,2.943751686856899e-09
candidate_1137,K05291.01,0.0,3.378410615498262e-12
candidate_1138,K04749.01,0.0,4.3510781089217687e-10
candidate_1139,K04504.01,0.0,0.40559250116348267
candidate_1140,K04504.02,1.0,0.9999898672103882
candidate_1141,K04549.01,0.0,0.0008640970336273313
candidate_1142,K03117.01,0.0,9.720066009322181e-05
candidate_1143,K02093.01,1.0,0.9999998807907104
candidate_1144,K02093.02,0.0,0.006503175478428602
candidate_1145,K02093.03,0.0,5.663243167089955e-23
candidate_1146,K00856.01,0.0,2.1103063740923744e-11
candidate_1147,K04657.01,1.0,0.999784529209137
candidate_1148,K04657.02,1.0,0.9594882130622864
candidate_1149,K07785.01,0.0,1.441210817354488e-09
candidate_1150,K05297.01,1.0,0.9999994039535522
candidate_1151,K01627.03,0.0,0.0007984467083588243
candidate_1152,K06731.01,0.0,6.032376265174832e-10
candidate_1153,K06733.01,0.0,3.5856941646078495e-22
candidate_1154,K06734.01,0.0,1.489133896216948e-15
candidate_1155,K03037.01,1.0,0.9968467950820923
candidate_1156,K05300.01,0.0,2.8578448052485328e-08
candidate_1157,K00858.01,1.0,0.8230437636375427
candidate_1158,K06739.01,0.0,0.18014748394489288
candidate_1159,K01239.01,0.0,1.4018171607421036e-16
candidate_1160,K01239.02,1.0,0.999996542930603
candidate_1161,K01242.01,0.0,0.056250110268592834
candidate_1162,K06745.01,0.0,3.557503173661191e-16
candidate_1163,K01225.01,0.0,2.6644716655255252e-08
candidate_1164,K06746.01,0.0,0.03889632970094681
candidate_1165,K05308.01,0.0,0.0001589420426171273
candidate_1166,K06750.01,0.0,0.32280370593070984
candidate_1167,K06751.01,1.0,0.9999756813049316
candidate_1168,K04840.01,0.0,2.343615415156819e-05
candidate_1169,K06752.01,1.0,0.9999836683273315
candidate_1170,K06753.01,0.0,1.199997891852822e-12
candidate_1171,K05310.01,1.0,0.9999852180480957
candidate_1172,K01236.04,0.0,3.089937333777826e-11
candidate_1173,K02862.01,0.0,7.367394232460356e-07
candidate_1174,K03320.01,0.0,8.765782126829436e-07
candidate_1175,K04890.01,0.0,0.017183102667331696
candidate_1176,K02851.02,0.0,3.197481515671008e-11
candidate_1177,K03508.01,0.0,1.9373150544725604e-13
candidate_1178,K06759.01,0.0,1.0739468052634038e-05
candidate_1179,K03374.02,1.0,0.999805748462677
candidate_1180,K01758.01,1.0,0.9999997615814209
candidate_1181,K06762.01,1.0,0.7942909598350525
candidate_1182,K02679.01,1.0,0.9989782571792603
candidate_1183,K02906.02,0.0,1.2688919923675712e-06
candidate_1184,K02906.03,1.0,0.9671996831893921
candidate_1185,K04651.01,0.0,1.7791953723644838e-05
candidate_1186,K05320.01,0.0,3.680512654629514e-14
candidate_1187,K01357.01,1.0,0.9999098777770996
candidate_1188,K05321.01,0.0,1.3962123013300243e-08
candidate_1189,K05322.01,0.0,1.2062901788567615e-08
candidate_1190,K06763.01,1.0,0.9208140969276428
candidate_1191,K02592.01,0.0,3.1470917451897895e-12
candidate_1192,K05324.01,0.0,8.25571833118488e-11
candidate_1193,K04871.01,1.0,0.9876471757888794
candidate_1194,K04871.02,1.0,0.9990705847740173
candidate_1195,K02086.04,0.0,1.6049718216941626e-19
candidate_1196,K06765.01,0.0,2.3830980921957234e-07
candidate_1197,K05327.01,1.0,0.9999991655349731
candidate_1198,K02678.02,0.0,1.2221470058193518e-08
candidate_1199,K04850.01,0.0,0.0050185504369437695
candidate_1200,K07791.01,0.0,0.0004120937082916498
candidate_1201,K04341.01,0.0,0.2171659916639328
candidate_1202,K05329.01,1.0,0.9916365742683411
candidate_1203,K01362.01,1.0,0.9999998807907104
candidate_1204,K02914.01,0.0,0.040584854781627655
candidate_1205,K04674.01,1.0,0.9999667406082153
candidate_1206,K06774.01,0.0,7.122468305247043e-13
candidate_1207,K02921.01,1.0,0.9998371601104736
candidate_1208,K06776.01,0.0,0.005882362835109234
candidate_1209,K06777.01,0.0,0.008800080977380276
candidate_1210,K00865.01,0.0,7.3486676228640135e-06
candidate_1211,K07793.01,0.0,6.732676638421253e-07
candidate_1212,K00868.01,0.0,4.649797951864322e-16
candidate_1213,K02439.02,1.0,0.9995274543762207
candidate_1214,K02571.01,0.0,2.8858944460807834e-06
candidate_1215,K05331.01,1.0,0.7759981155395508
candidate_1216,K02220.04,0.0,0.10567118972539902
candidate_1217,K02220.05,1.0,0.9999933242797852
candidate_1218,K05332.01,0.0,2.8157339329482056e-05
candidate_1219,K07572.01,0.0,6.537778143012504e-17
candidate_1220,K06786.01,0.0,3.9432741333290597e-14
candidate_1221,K05333.01,1.0,1.0
candidate_1222,K00417.01,0.0,0.0008155260584317148
candidate_1223,K07795.01,1.0,0.9996128678321838
candidate_1224,K07796.01,0.0,0.34796249866485596
candidate_1225,K02578.01,1.0,0.9999998807907104
candidate_1226,K05336.01,0.0,9.964519943696823e-16
candidate_1227,K02294.01,0.0,7.898575660192364e-08
candidate_1228,K04382.02,1.0,0.9631707072257996
candidate_1229,K05337.01,0.0,1.4323689668171644e-14
candidate_1230,K01359.02,1.0,0.9994749426841736
candidate_1231,K06150.01,0.0,7.971929782968346e-10
candidate_1232,K06151.01,0.0,1.5765217559895821e-15
candidate_1233,K06793.01,0.0,0.2386595457792282
candidate_1234,K03455.01,1.0,0.9901425838470459
candidate_1235,K03031.01,0.0,3.965743644585018e-08
candidate_1236,K07798.01,0.0,1.980759911646146e-08
candidate_1237,K03329.01,0.0,3.672890443340293e-06
candidate_1238,K06798.01,1.0,0.9999936819076538
candidate_1239,K02756.02,0.0,0.07045403867959976
candidate_1240,K02925.01,1.0,0.8281632661819458
candidate_1241,K01628.03,0.0,2.313146896248952e-11
candidate_1242,K05341.01,1.0,0.8750710487365723
candidate_1243,K03209.01,0.0,0.039473794400691986
candidate_1244,K03209.02,1.0,0.9999837875366211
candidate_1245,K03689.01,0.0,0.0005177357816137373
candidate_1246,K05344.01,0.0,6.242226261993124e-18
candidate_1247,K00255.02,0.0,7.866790951993607e-08
candidate_1248,K03112.01,0.0,0.11355701833963394
candidate_1249,K00871.01,0.0,2.3960671668987743e-08
candidate_1250,K02339.02,0.0,3.788383443956828e-16
candidate_1251,K01899.02,1.0,0.999982476234436
candidate_1252,K00064.01,0.0,0.1140163242816925
candidate_1253,K02879.01,0.0,4.7913496087348406e-11
candidate_1254,K03433.01,0.0,0.0002174527762690559
candidate_1255,K04859.01,1.0,0.8492923378944397
candidate_1256,K04762.01,0.0,0.02787153795361519
candidate_1257,K04032.05,1.0,0.9999808073043823
candidate_1258,K05352.01,0.0,5.302120894434435e-15
candidate_1259,K06819.01,1.0,0.9999570846557617
candidate_1260,K03083.01,1.0,0.9945458173751831
candidate_1261,K03083.02,0.0,0.0002406411076663062
candidate_1262,K03083.03,1.0,0.9899001717567444
candidate_1263,K02420.02,1.0,0.9597917795181274
candidate_1264,K00566.02,0.0,7.336863063756027e-07
candidate_1265,K00566.03,0.0,7.580525789308012e-07
candidate_1266,K05358.01,0.0,3.5727515224026187e-19
candidate_1267,K05359.01,0.0,0.016154956072568893
candidate_1268,K05360.01,0.0,5.625927848584844e-11
candidate_1269,K07818.01,0.0,0.0003729590680450201
candidate_1270,K06835.01,0.0,1.3209988658502425e-11
candidate_1271,K05365.01,0.0,0.00015394113142974675
candidate_1272,K05367.01,0.0,2.2730970795842422e-18
candidate_1273,K04358.01,1.0,0.9928397536277771
candidate_1274,K05369.01,0.0,4.2320049686850325e-09
candidate_1275,K04152.01,1.0,1.0
candidate_1276,K00075.01,1.0,0.9996527433395386
candidate_1277,K01739.01,0.0,7.02639613159306e-11
candidate_1278,K05371.01,1.0,0.9991546869277954
candidate_1279,K05372.01,0.0,3.535128856313463e-10
candidate_1280,K05373.01,0.0,1.0162928137935623e-10
candidate_1281,K05375.01,0.0,2.0297534319979604e-06
candidate_1282,K02354.01,1.0,0.9963424801826477
candidate_1283,K06849.01,1.0,0.9934050440788269
candidate_1284,K00238.03,0.0,3.5974109975633883e-12
candidate_1285,K04136.01,1.0,0.9795824289321899
candidate_1286,K04136.02,1.0,0.9999836683273315
candidate_1287,K04737.01,0.0,3.5033572203246877e-05
candidate_1288,K04466.01,0.0,0.0012755179777741432
candidate_1289,K05379.01,0.0,1.46780487070286e-11
candidate_1290,K03271.02,1.0,0.9311023950576782
candidate_1291,K07832.01,0.0,1.0957434824376833e-05
candidate_1292,K04815.01,1.0,0.9999933242797852
candidate_1293,K01622.01,1.0,0.9999998807907104
candidate_1294,K05380.01,0.0,8.755833177071396e-17
candidate_1295,K02450.02,1.0,0.9750126600265503
candidate_1296,K03420.01,0.0,1.1417091627663467e-06
candidate_1297,K03420.02,0.0,3.957727869874361e-07
candidate_1298,K02516.01,0.0,2.781182786293357e-07
candidate_1299,K00364.01,0.0,6.410973583115265e-07
candidate_1300,K07833.01,0.0,6.641021832817595e-26
candidate_1301,K01353.03,0.0,2.995448724132932e-12
candidate_1302,K06860.01,0.0,5.260516263660975e-05
candidate_1303,K04864.01,0.0,4.4886823502565676e-07
candidate_1304,K06862.01,0.0,1.5875643555318675e-07
candidate_1305,K01356.01,0.0,9.96842786094021e-08
candidate_1306,K07834.01,0.0,0.00036641527549363673
candidate_1307,K07835.01,1.0,0.9999713897705078
candidate_1308,K00266.02,0.0,9.836894321324507e-08
candidate_1309,K05384.01,1.0,0.999976396560669
candidate_1310,K00883.01,1.0,0.9782373309135437
candidate_1311,K06872.01,0.0,2.6302800506528e-06
candidate_1312,K05385.01,0.0,2.8018632285310577e-16
candidate_1313,K05387.01,0.0,2.3277936802686237e-21
candidate_1314,K05388.01,1.0,0.999795138835907
candidate_1315,K05389.01,0.0,6.545740689034574e-06
candidate_1316,K04260.04,0.0,1.4200183251489307e-08
candidate_1317,K05390.01,0.0,1.9559011257396647e-13
candidate_1318,K02598.01,1.0,1.0
candidate_1319,K06878.01,1.0,0.9999963045120239
candidate_1320,K02357.01,0.0,4.15719725310737e-08
candidate_1321,K02357.02,1.0,0.9999996423721313
candidate_1322,K05393.01,0.0,1.0596186231743699e-19
candidate_1323,K06882.01,0.0,2.7624540962278843e-05
candidate_1324,K02959.01,1.0,0.9999988079071045
candidate_1325,K01473.01,1.0,0.9958544969558716
candidate_1326,K02572.01,1.0,0.9999967813491821
candidate_1327,K00458.01,1.0,0.9262247085571289
candidate_1328,K01480.02,0.0,0.00022521715436596423
candidate_1329,K04663.01,1.0,0.9996832609176636
candidate_1330,K03496.02,1.0,0.9999934434890747
candidate_1331,K06884.01,0.0,7.936494236725371e-17
candidate_1332,K05398.01,0.0,1.0658102416993064e-16
candidate_1333,K04419.01,0.0,3.8268791093749284e-23
candidate_1334,K04614.01,1.0,0.9922751784324646
candidate_1335,K06889.01,0.0,1.4134343473415356e-07
candidate_1336,K06890.01,0.0,8.596023235440953e-07
candidate_1337,K07842.01,0.0,0.00013520638458430767
candidate_1338,K06892.01,0.0,0.2875399589538574
candidate_1339,K02924.02,0.0,9.317934018326923e-05
candidate_1340,K03128.01,1.0,0.9999994039535522
candidate_1341,K07843.01,0.0,1.0904769578171786e-18
candidate_1342,K00682.01,0.0,8.354325586878986e-08
candidate_1343,K02103.02,0.0,1.5547455404885113e-05
candidate_1344,K05406.01,0.0,0.10678420215845108
candidate_1345,K05407.01,0.0,9.66735982173457e-14
candidate_1346,K00683.01,0.0,1.938288786608065e-15
candidate_1347,K05408.01,0.0,1.1180239398339212e-20
candidate_1348,K04296.01,1.0,0.9998705387115479
candidate_1349,K05410.01,1.0,0.9999862909317017
candidate_1350,K01519.02,0.0,0.013461751863360405
candidate_1351,K03089.01,0.0,0.00021848462347406894
candidate_1352,K07846.01,1.0,0.9999957084655762
candidate_1353,K05411.01,1.0,0.6267176270484924
candidate_1354,K02722.05,1.0,1.0
candidate_1355,K02585.03,1.0,0.864758312702179
candidate_1356,K06904.01,0.0,2.341372928871266e-10
candidate_1357,K05413.01,0.0,3.756008350520852e-22
candidate_1358,K03337.01,1.0,0.9999988079071045
candidate_1359,K04886.01,1.0,0.9999520778656006
candidate_1360,K03430.01,1.0,0.9999219179153442
candidate_1361,K06907.01,1.0,0.9922911524772644
candidate_1362,K00684.01,1.0,0.8783148527145386
candidate_1363,K04022.01,0.0,0.0018026857869699597
candidate_1364,K02324.01,0.0,0.011296741664409637
candidate_1365,K05418.01,1.0,1.0
candidate_1366,K07847.01,0.0,1.9540788258332054e-12
candidate_1367,K03394.01,0.0,0.001398286665789783
candidate_1368,K04325.01,0.0,3.952550468966365e-05
candidate_1369,K01708.01,1.0,0.9494052529335022
candidate_1370,K06913.02,0.0,5.889660287250464e-11
candidate_1371,K05422.01,0.0,8.345211313098844e-07
candidate_1372,K04105.01,0.0,3.87650215998292e-05
candidate_1373,K05423.01,0.0,1.3886698297937983e-06
candidate_1374,K01840.02,1.0,0.999883770942688
candidate_1375,K02869.02,0.0,2.6132764713446856e-17
candidate_1376,K05425.01,0.0,8.887008462465928e-09
candidate_1377,K01527.01,1.0,0.9359674453735352
candidate_1378,K05426.01,0.0,3.99370314596581e-09
candidate_1379,K04797.01,0.0,3.683836569123855e-09
candidate_1380,K03339.01,0.0,0.004356945399194956
candidate_1381,K04482.01,1.0,0.9909440875053406
candidate_1382,K07849.01,0.0,0.014742972329258919
candidate_1383,K02523.02,0.0,8.037245535774673e-09
candidate_1384,K04361.01,0.0,0.09497030079364777
candidate_1385,K06918.01,0.0,7.093395360464373e-17
candidate_1386,K01477.01,1.0,0.9783529043197632
candidate_1387,K06919.01,1.0,0.7950342297554016
candidate_1388,K05431.01,0.0,3.4386218317195016e-09
candidate_1389,K03787.01,0.0,0.0066170296631753445
candidate_1390,K06921.01,1.0,0.950247585773468
candidate_1391,K04555.01,0.0,0.04603876173496246
candidate_1392,K00896.03,0.0,0.0023752932902425528
candidate_1393,K05433.01,0.0,4.686172557556852e-18
candidate_1394,K05434.01,0.0,3.827834532870789e-18
candidate_1395,K08270.01,0.0,1.8149657124433283e-11
candidate_1396,K04528.01,1.0,0.9999988079071045
candidate_1397,K04630.01,1.0,1.0
candidate_1398,K07850.01,0.0,4.433584308571881e-06
candidate_1399,K06164.01,1.0,0.9999994039535522
candidate_1400,K05435.01,1.0,0.9999967813491821
candidate_1401,K01499.02,0.0,1.0335048727938556e-06
candidate_1402,K06925.01,0.0,8.15228559076786e-05
candidate_1403,K05437.01,0.0,1.0832949121075686e-12
candidate_1404,K01964.01,0.0,0.001855099922977388
candidate_1405,K05440.01,0.0,0.018283750861883163
candidate_1406,K04699.01,0.0,3.1216815157136812e-12
candidate_1407,K02683.01,1.0,0.9997460246086121
candidate_1408,K04257.01,1.0,0.9999790191650391
candidate_1409,K03236.01,1.0,0.999994158744812
candidate_1410,K06931.01,0.0,1.4110370329945e-06
candidate_1411,K04582.01,0.0,1.6932131075009238e-06
candidate_1412,K00686.01,0.0,2.539912102861308e-08
candidate_1413,K04773.01,0.0,3.4010970466624713e-06
candidate_1414,K04773.02,0.0,0.002536171115934849
candidate_1415,K04109.01,0.0,0.04230688884854317
candidate_1416,K05446.01,0.0,2.0507954084315254e-16
candidate_1417,K04209.01,0.0,0.06968630105257034
candidate_1418,K02984.01,1.0,0.999962329864502
candidate_1419,K06934.01,0.0,0.04022762551903725
candidate_1420,K04759.01,1.0,0.9913815855979919
candidate_1421,K05451.01,0.0,2.4135703553176816e-16
candidate_1422,K07859.01,0.0,4.275379030550878e-30
candidate_1423,K06168.01,0.0,2.2154965644242653e-18
candidate_1424,K06168.02,0.0,1.233915275801064e-22
candidate_1425,K00687.01,1.0,0.9999995231628418
candidate_1426,K05455.01,0.0,9.967591812542906e-21
candidate_1427,K03214.02,0.0,3.846649832429244e-13
candidate_1428,K01552.01,0.0,1.6256615253951168e-06
candidate_1429,K02400.01,1.0,0.9999997615814209
candidate_1430,K05457.01,0.0,1.536729442363119e-22
candidate_1431,K05458.01,1.0,0.999996542930603
candidate_1432,K06949.01,1.0,0.9362857341766357
candidate_1433,K05459.01,0.0,3.7691932908145986e-10
candidate_1434,K00901.01,1.0,0.9741156101226807
candidate_1435,K05461.01,0.0,2.5176671575847685e-15
candidate_1436,K06954.01,0.0,1.7339727875764765e-08
candidate_1437,K00902.01,1.0,0.9999992847442627
candidate_1438,K08272.01,0.0,1.4544394855153797e-10
candidate_1439,K05467.01,0.0,1.5963548817281867e-21
candidate_1440,K05468.01,0.0,2.2470808017533775e-17
candidate_1441,K00460.02,1.0,0.9510373473167419
candidate_1442,K05470.01,0.0,1.3454919470246018e-11
candidate_1443,K01560.01,0.0,1.7189032632813905e-06
candidate_1444,K01549.01,0.0,1.6639673106055852e-07
candidate_1445,K04776.01,0.0,2.273721211309976e-09
candidate_1446,K02486.01,1.0,0.9960984587669373
candidate_1447,K05472.01,0.0,3.935104161274324e-21
candidate_1448,K06960.01,0.0,5.3219035180518404e-05
candidate_1449,K04881.01,1.0,0.9068112373352051
candidate_1450,K05473.01,0.0,2.699083721315629e-18
candidate_1451,K07587.01,0.0,1.1421700633709346e-16
candidate_1452,K04487.01,0.0,1.551724926684983e-05
candidate_1453,K06966.01,0.0,0.00043198169441893697
candidate_1454,K05474.01,0.0,7.360501244680606e-18
candidate_1455,K05475.02,0.0,1.1445885320426896e-05
candidate_1456,K05476.01,0.0,4.701947652844402e-16
candidate_1457,K07863.01,0.0,4.220794835418928e-06
candidate_1458,K04656.01,1.0,0.9999414682388306
candidate_1459,K07865.01,0.0,4.9455660899866416e-08
candidate_1460,K06970.01,0.0,0.013214151374995708
candidate_1461,K06971.01,0.0,7.567059880911171e-24
candidate_1462,K00317.02,1.0,0.9999440908432007
candidate_1463,K03486.01,1.0,0.9999624490737915
candidate_1464,K05479.01,1.0,0.9997619986534119
candidate_1465,K05480.01,0.0,1.4015261513122823e-05
candidate_1466,K06978.01,0.0,0.03378138318657875
candidate_1467,K06980.01,0.0,3.5943578780006646e-08
candidate_1468,K01015.03,1.0,0.9981346726417542
candidate_1469,K05482.01,0.0,1.0809900880242446e-13
candidate_1470,K01858.02,0.0,7.278469412461477e-15
candidate_1471,K00521.02,0.0,3.719837493587619e-10
candidate_1472,K06172.01,0.0,7.949775282511951e-10
candidate_1473,K06173.01,0.0,7.884717601364663e-24
candidate_1474,K06983.01,1.0,0.9969505667686462
candidate_1475,K02209.02,0.0,6.482326853074483e-07
candidate_1476,K07589.01,0.0,2.41546354840105e-19
candidate_1477,K02720.01,0.0,0.00039372456376440823
candidate_1478,K06985.01,1.0,0.9999945163726807
candidate_1479,K07870.01,0.0,4.175027023319705e-13
candidate_1480,K02480.01,0.0,0.0312358308583498
candidate_1481,K04634.01,1.0,0.7313627004623413
candidate_1482,K05485.01,0.0,0.00012816235539503396
candidate_1483,K05486.01,1.0,0.9999972581863403
candidate_1484,K03123.01,1.0,0.9999215602874756
candidate_1485,K02593.02,1.0,1.0
candidate_1486,K04838.01,1.0,0.9999936819076538
candidate_1487,K04838.02,1.0,0.9999568462371826
candidate_1488,K04838.03,1.0,0.6179226040840149
candidate_1489,K01920.02,1.0,0.9999996423721313
candidate_1490,K07873.01,0.0,1.0065646449675114e-07
candidate_1491,K04098.01,0.0,0.028964528813958168
candidate_1492,K05487.01,0.0,1.4579025986449778e-08
candidate_1493,K06176.01,0.0,5.7481039260251316e-21
candidate_1494,K06176.02,0.0,1.179743948948352e-24
candidate_1495,K01910.02,0.0,6.317752195172943e-06
candidate_1496,K06993.01,1.0,0.9999872446060181
candidate_1497,K06994.01,0.0,0.49360886216163635
candidate_1498,K04834.01,1.0,0.544640302658081
candidate_1499,K02474.01,0.0,1.3407546879234391e-15
candidate_1500,K04426.01,0.0,1.8690097755048873e-13
candidate_1501,K01070.03,0.0,2.4418433092454053e-15
candidate_1502,K03020.01,1.0,0.9999929666519165
candidate_1503,K07875.01,0.0,1.2775508650975098e-08
candidate_1504,K07002.01,1.0,0.9999476671218872
candidate_1505,K07003.01,0.0,0.00021426919556688517
candidate_1506,K02935.01,1.0,0.9999996423721313
candidate_1507,K01066.01,1.0,0.9999685287475586
candidate_1508,K02174.01,1.0,0.9999936819076538
candidate_1509,K02174.04,0.0,9.89491763903061e-06
candidate_1510,K07878.01,1.0,0.9902186989784241
candidate_1511,K04037.01,0.0,1.5491084706231034e-13
candidate_1512,K00522.01,1.0,0.9999949932098389
candidate_1513,K01731.01,1.0,0.9999551773071289
candidate_1514,K04799.01,0.0,1.0363562978454866e-05
candidate_1515,K04435.01,1.0,0.9999665021896362
candidate_1516,K04435.02,1.0,0.9759081602096558
candidate_1517,K05497.01,0.0,3.960934092652954e-14
candidate_1518,K01151.04,1.0,0.9995692372322083
candidate_1519,K01151.05,1.0,0.9998466968536377
candidate_1520,K02193.02,0.0,0.0018892838852480054
candidate_1521,K07007.01,0.0,0.04652835428714752
candidate_1522,K05499.01,1.0,0.9412625432014465
candidate_1523,K05500.01,0.0,1.0158697884635193e-13
candidate_1524,K07879.01,0.0,4.533439778585468e-17
candidate_1525,K07591.01,0.0,2.0264769862748445e-21
candidate_1526,K03301.01,1.0,0.9999736547470093
candidate_1527,K05502.01,0.0,1.1539726858052444e-18
candidate_1528,K03761.01,1.0,0.9929667711257935
candidate_1529,K07880.01,0.0,1.2715202046820195e-06
candidate_1530,K01145.01,1.0,1.0
candidate_1531,K04846.01,0.0,1.6741778102735694e-11
candidate_1532,K04846.02,0.0,1.7432708922238138e-12
candidate_1533,K03767.01,1.0,0.9999805688858032
candidate_1534,K04393.01,1.0,0.9998644590377808
candidate_1535,K02680.01,1.0,0.9971786737442017
candidate_1536,K04790.01,1.0,0.5776951313018799
candidate_1537,K08275.01,0.0,8.309817659616503e-21
candidate_1538,K04390.01,0.0,3.357410207627254e-07
candidate_1539,K03318.02,1.0,0.9947468042373657
candidate_1540,K04567.01,1.0,0.7401472926139832
candidate_1541,K04567.02,1.0,0.9999948740005493
candidate_1542,K04399.01,0.0,1.2922996006636822e-11
candidate_1543,K04763.01,0.0,0.034636352211236954
candidate_1544,K05506.01,0.0,2.9990120701994203e-19
candidate_1545,K04711.01,1.0,0.9999611377716064
candidate_1546,K06178.01,1.0,0.9999990463256836
candidate_1547,K06178.02,0.0,0.001899975584819913
candidate_1548,K04667.01,1.0,0.9998012185096741
candidate_1549,K04854.01,0.0,0.10897579789161682
candidate_1550,K07023.01,0.0,7.212496200281748e-08
candidate_1551,K07882.01,1.0,0.9999994039535522
candidate_1552,K03722.01,0.0,2.2218109296812116e-11
candidate_1553,K06179.01,1.0,0.9980783462524414
candidate_1554,K04007.01,0.0,8.604233698861208e-06
candidate_1555,K05509.01,0.0,3.889905162302726e-13
candidate_1556,K07884.01,0.0,1.7353445069812068e-11
candidate_1557,K07032.01,1.0,0.9991656541824341
candidate_1558,K05511.01,0.0,9.611160032717194e-16
candidate_1559,K05512.01,0.0,0.14904984831809998
candidate_1560,K01733.01,1.0,0.9999997615814209
candidate_1561,K04407.01,0.0,0.00013911869609728456
candidate_1562,K04772.01,0.0,4.462273327671693e-15
candidate_1563,K05514.01,0.0,6.09758785685699e-08
candidate_1564,K07592.01,0.0,3.541243582145257e-15
candidate_1565,K05515.01,0.0,0.003945319447666407
candidate_1566,K04603.01,1.0,0.9999983310699463
candidate_1567,K05517.01,0.0,3.5940607289577504e-19
candidate_1568,K05518.01,0.0,7.228415147162998e-23
candidate_1569,K08156.01,0.0,2.7075033770421024e-14
candidate_1570,K07040.01,0.0,2.5420693328115362e-11
candidate_1571,K03197.01,0.0,7.624755937740701e-08
candidate_1572,K07041.01,1.0,0.9791770577430725
candidate_1573,K07593.01,0.0,4.906070341648139e-12
candidate_1574,K04247.01,0.0,1.5905844625048747e-18
candidate_1575,K07888.01,1.0,0.9959427714347839
candidate_1576,K07889.01,0.0,1.112071012288049e-16
candidate_1577,K04505.01,0.0,0.17203949391841888
candidate_1578,K01255.01,1.0,0.999964714050293
candidate_1579,K06180.01,0.0,1.7888736305502845e-16
candidate_1580,K06180.02,0.0,1.3154276914252087e-18
candidate_1581,K00099.01,0.0,7.035040605618548e-11
candidate_1582,K05528.01,0.0,1.5894324067067414e-18
candidate_1583,K02992.01,0.0,6.899694807295075e-17
candidate_1584,K05532.01,0.0,1.3588836002623172e-12
candidate_1585,K05533.01,0.0,1.9416505736558065e-08
candidate_1586,K08157.01,0.0,2.9612729690597916e-07
candidate_1587,K03073.01,0.0,0.024532433599233627
candidate_1588,K05536.01,0.0,4.751840414207731e-12
candidate_1589,K05539.01,0.0,3.9002941321086837e-07
candidate_1590,K05541.01,0.0,1.3654784768168948e-12
candidate_1591,K00914.01,1.0,0.999995231628418
candidate_1592,K00005.01,1.0,0.9960383772850037
candidate_1593,K07894.01,0.0,9.379743855263741e-15
candidate_1594,K05545.01,0.0,6.614110328579867e-19
candidate_1595,K05546.01,0.0,4.439799222710761e-12
candidate_1596,K05547.01,0.0,3.019173822148576e-19
candidate_1597,K03111.01,0.0,0.016877876594662666
candidate_1598,K03111.02,1.0,0.8463615775108337
candidate_1599,K06182.01,0.0,0.00020187534391880035
candidate_1600,K06182.02,0.0,1.2177990041351786e-14
candidate_1601,K08159.02,0.0,0.010362982749938965
candidate_1602,K07069.01,0.0,0.4475618004798889
candidate_1603,K02263.03,0.0,4.4717449782183394e-05
candidate_1604,K05550.01,0.0,2.7792035301810528e-14
candidate_1605,K01251.01,0.0,4.623408318520095e-13
candidate_1606,K01250.02,0.0,4.358857025321683e-11
candidate_1607,K01816.01,1.0,0.6003673076629639
candidate_1608,K07072.01,1.0,0.9967606663703918
candidate_1609,K07073.01,1.0,0.9596228003501892
candidate_1610,K04775.01,0.0,0.043743547052145004
candidate_1611,K03434.01,0.0,0.0005172571400180459
candidate_1612,K04580.01,0.0,0.09498738497495651
candidate_1613,K01271.01,1.0,0.5316703915596008
candidate_1614,K02453.01,1.0,0.9968731999397278
candidate_1615,K02656.01,1.0,0.9999750852584839
candidate_1616,K08276.01,0.0,5.71589521861874e-15
candidate_1617,K02700.01,0.0,6.179743938794502e-10
candidate_1618,K03384.01,1.0,0.9843020439147949
candidate_1619,K05552.01,0.0,0.0014313507126644254
candidate_1620,K05553.01,0.0,5.31750804413228e-13
candidate_1621,K05554.01,0.0,4.12380192656419e-15
candidate_1622,K05556.01,0.0,3.050528850790518e-14
candidate_1623,K08277.01,0.0,1.1285334949207027e-05
candidate_1624,K07596.01,0.0,1.4977618104095036e-11
candidate_1625,K00319.01,0.0,0.30430686473846436
candidate_1626,K07074.01,1.0,1.0
candidate_1627,K07076.01,1.0,0.999992847442627
candidate_1628,K03042.01,1.0,0.9999983310699463
candidate_1629,K04523.01,1.0,0.9998912811279297
candidate_1630,K02758.01,0.0,3.008046860486502e-06
candidate_1631,K08163.01,0.0,1.1520546886259475e-12
candidate_1632,K03019.02,0.0,2.29456381930504e-05
candidate_1633,K05563.01,1.0,0.9999997615814209
candidate_1634,K05566.01,0.0,1.2204258048598149e-08
candidate_1635,K04251.01,1.0,0.999998927116394
candidate_1636,K05570.01,0.0,4.712540684416084e-20
candidate_1637,K04730.01,1.0,0.9999995231628418
candidate_1638,K02963.02,1.0,0.9779320359230042
candidate_1639,K03891.01,1.0,0.8683906197547913
candidate_1640,K04301.02,1.0,0.9999992847442627
candidate_1641,K03741.02,0.0,0.003863586811348796
candidate_1642,K04904.01,0.0,0.0011602790327742696
candidate_1643,K02159.01,1.0,0.9999932050704956
candidate_1644,K04588.01,0.0,0.2239624410867691
candidate_1645,K05572.01,0.0,3.9471018120629253e-10
candidate_1646,K04811.01,1.0,0.9999005794525146
candidate_1647,K03481.01,1.0,0.9997883439064026
candidate_1648,K01268.01,0.0,0.04656166583299637
candidate_1649,K05574.01,0.0,5.60077982775517e-20
candidate_1650,K07094.01,0.0,5.7655965065350756e-05
candidate_1651,K06188.01,0.0,5.443622650098649e-32
candidate_1652,K03052.01,1.0,0.9999977350234985
candidate_1653,K03801.01,0.0,0.00437141302973032
candidate_1654,K02508.01,1.0,0.9999996423721313
candidate_1655,K02421.01,1.0,0.9999961853027344
candidate_1656,K02421.02,1.0,0.9688748717308044
candidate_1657,K05577.01,0.0,2.1405702343464823e-19
candidate_1658,K07099.01,0.0,0.0006097149453125894
candidate_1659,K05578.01,0.0,7.097990251114794e-11
candidate_1660,K02323.01,0.0,2.015409594855605e-13
candidate_1661,K02968.01,1.0,0.9999991655349731
candidate_1662,K01404.02,1.0,0.9999997615814209
candidate_1663,K07106.01,0.0,2.1546757125179283e-06
candidate_1664,K05579.01,0.0,4.306778578211379e-07
candidate_1665,K05580.01,0.0,1.0823430410453997e-15
candidate_1666,K04269.02,0.0,0.004059436731040478
candidate_1667,K02224.02,0.0,1.9230884246157487e-12
candidate_1668,K02641.01,1.0,0.9999748468399048
candidate_1669,K03473.01,0.0,4.4012615774136066e-09
candidate_1670,K05583.01,0.0,7.432616327962549e-11
candidate_1671,K04009.02,0.0,0.0015936671989038587
candidate_1672,K05585.01,0.0,5.002884773119831e-09
candidate_1673,K05588.01,0.0,2.763405570091088e-20
candidate_1674,K02972.01,1.0,0.999879002571106
candidate_1675,K02972.02,1.0,0.9846091270446777
candidate_1676,K00924.01,1.0,1.0
candidate_1677,K07111.01,0.0,0.000446938443928957
candidate_1678,K05591.01,0.0,1.5047406900283453e-15
candidate_1679,K05592.01,0.0,2.3885310026056604e-16
candidate_1680,K04782.01,0.0,8.390334867852678e-13
candidate_1681,K04782.02,0.0,4.562817235154171e-09
candidate_1682,K03196.01,1.0,0.9998618364334106
candidate_1683,K03196.02,1.0,0.9999489784240723
candidate_1684,K04848.01,0.0,4.082850179817825e-18
candidate_1685,K02169.04,1.0,0.9965708255767822
candidate_1686,K04583.01,0.0,1.3453567958027907e-13
candidate_1687,K03283.02,1.0,0.797305703163147
candidate_1688,K03283.03,1.0,0.9963471293449402
candidate_1689,K00466.01,1.0,0.9999986886978149
candidate_1690,K05597.01,1.0,0.5987168550491333
candidate_1691,K08279.01,0.0,1.1826788295365986e-06
candidate_1692,K05598.01,0.0,3.764365846662212e-25
candidate_1693,K01616.02,0.0,6.935874942957942e-13
candidate_1694,K01630.01,1.0,0.9999995231628418
candidate_1695,K05600.01,0.0,0.012299981899559498
candidate_1696,K02604.01,1.0,0.9999974966049194
candidate_1697,K03088.02,1.0,0.9999916553497314
candidate_1698,K07125.01,0.0,0.0010109248105436563
candidate_1699,K05602.01,0.0,1.433926321593986e-14
candidate_1700,K05603.01,0.0,8.191550215919108e-11
candidate_1701,K02564.02,0.0,0.01646522618830204
candidate_1702,K04520.01,0.0,0.007075613830238581
candidate_1703,K00134.01,0.0,0.007557788398116827
candidate_1704,K05604.01,0.0,1.375931053121393e-12
candidate_1705,K05605.01,1.0,0.999981164932251
candidate_1706,K04198.01,0.0,2.2862026000329035e-30
candidate_1707,K05608.01,0.0,7.309037272987262e-13
candidate_1708,K05609.01,0.0,2.749602033353047e-28
candidate_1709,K05610.01,0.0,4.222789652674752e-13
candidate_1710,K07923.01,0.0,3.5305801251300784e-12
candidate_1711,K01631.01,0.0,1.2783163416685284e-10
candidate_1712,K07129.01,1.0,0.9812038540840149
candidate_1713,K04060.01,0.0,5.431964014875057e-13
candidate_1714,K07924.01,0.0,1.1450240755550567e-09
candidate_1715,K05612.01,0.0,1.3702800330032375e-15
candidate_1716,K02640.01,0.0,8.629922391206534e-17
candidate_1717,K06191.01,1.0,0.9931661486625671
candidate_1718,K06191.02,0.0,0.1743457019329071
candidate_1719,K05613.01,0.0,6.69866072333658e-13
candidate_1720,K07925.01,0.0,0.3073178827762604
candidate_1721,K07133.01,0.0,5.362313913792605e-06
candidate_1722,K01399.01,1.0,1.0
candidate_1723,K04500.03,1.0,0.9999955892562866
candidate_1724,K02833.01,0.0,2.6778934625326656e-05
candidate_1725,K04839.01,1.0,0.9992702603340149
candidate_1726,K02042.01,1.0,0.9999969005584717
candidate_1727,K05616.01,0.0,5.842281402908837e-29
candidate_1728,K05618.01,0.0,7.1818038949384485e-16
candidate_1729,K03425.03,1.0,0.8613379001617432
candidate_1730,K00525.01,1.0,0.9999996423721313
candidate_1731,K00928.01,1.0,0.9961057901382446
candidate_1732,K07928.01,0.0,9.494156074651983e-06
candidate_1733,K06194.01,1.0,0.9999921321868896
candidate_1734,K05625.01,1.0,0.818791389465332
candidate_1735,K05626.01,0.0,0.0012781234690919518
candidate_1736,K02874.01,0.0,0.0
candidate_1737,K07136.01,0.0,4.662892593192312e-19
candidate_1738,K06195.01,0.0,2.215630123814094e-09
candidate_1739,K05628.01,0.0,0.00039263442158699036
candidate_1740,K05629.01,0.0,1.0609753093443475e-13
candidate_1741,K08280.01,0.0,0.4996689260005951
candidate_1742,K05632.01,0.0,2.1499023716842203e-07
candidate_1743,K05633.01,0.0,1.6676323655318015e-09
candidate_1744,K05635.01,0.0,2.0498056377271645e-13
candidate_1745,K01393.01,1.0,0.949738085269928
candidate_1746,K04253.01,0.0,1.680080499635167e-13
candidate_1747,K07144.01,0.0,2.9615675884997472e-05
candidate_1748,K05638.01,0.0,7.161189610055407e-12
candidate_1749,K05639.01,0.0,6.946106016758602e-12
candidate_1750,K07930.01,0.0,4.304084080244616e-14
candidate_1751,K05640.01,0.0,2.3972021741779093e-13
candidate_1752,K00422.01,0.0,0.0007635708316229284
candidate_1753,K05642.01,0.0,3.3757278385376094e-15
candidate_1754,K05643.01,0.0,3.4972346618816796e-16
candidate_1755,K02281.02,0.0,1.3465444458375825e-24
candidate_1756,K03355.01,1.0,0.9999985694885254
candidate_1757,K07148.01,1.0,0.8381626009941101
candidate_1758,K05644.01,0.0,9.468856413083328e-19
candidate_1759,K07931.01,0.0,7.041563946513785e-12
candidate_1760,K05645.01,0.0,3.447029120473566e-11
candidate_1761,K03429.01,1.0,0.9996674060821533
candidate_1762,K03429.04,0.0,1.2996755893723844e-09
candidate_1763,K03431.01,1.0,0.9999998807907104
candidate_1764,K08180.01,0.0,4.24219595676666e-15
candidate_1765,K05649.01,0.0,2.401140193342144e-07
candidate_1766,K04710.01,1.0,0.9993005990982056
candidate_1767,K07932.01,0.0,9.603203920960368e-08
candidate_1768,K05651.01,1.0,0.9999996423721313
candidate_1769,K02657.01,1.0,0.7273495197296143
candidate_1770,K04318.01,1.0,0.9999996423721313
candidate_1771,K03114.01,1.0,0.9999686479568481
candidate_1772,K02222.01,1.0,0.999997615814209
candidate_1773,K05652.01,0.0,8.313504884505107e-10
candidate_1774,K05653.01,0.0,1.2356237560906536e-11
candidate_1775,K07157.01,0.0,1.3047008806665872e-08
candidate_1776,K05654.01,1.0,0.9999990463256836
candidate_1777,K05656.01,0.0,2.9263719919514486e-11
candidate_1778,K05657.01,0.0,8.784620600388315e-12
candidate_1779,K02298.01,1.0,0.9999998807907104
candidate_1780,K02298.03,0.0,0.42390695214271545
candidate_1781,K07162.01,0.0,7.736012008763282e-08
candidate_1782,K03264.01,1.0,0.8375568985939026
candidate_1783,K00935.04,0.0,6.258371286094189e-06
candidate_1784,K03348.02,1.0,0.9983351826667786
candidate_1785,K05660.01,0.0,5.695611664737976e-18
candidate_1786,K06202.01,0.0,1.1828915624789715e-10
candidate_1787,K07934.01,1.0,0.9998593330383301
candidate_1788,K05663.01,0.0,1.1513860975753687e-08
candidate_1789,K05665.01,0.0,1.9279607077482552e-10
candidate_1790,K05666.01,0.0,4.766085326423676e-14
candidate_1791,K07169.01,0.0,0.19462357461452484
candidate_1792,K01922.02,0.0,0.3033633530139923
candidate_1793,K04700.01,0.0,2.1262121663312428e-05
candidate_1794,K04700.02,0.0,8.686282942926837e-11
candidate_1795,K00974.01,1.0,1.0
candidate_1796,K05671.01,0.0,2.644020835607108e-10
candidate_1797,K06068.01,0.0,1.388478079271298e-18
candidate_1798,K04808.01,1.0,0.9959806203842163
candidate_1799,K01411.01,0.0,0.044487543404102325
candidate_1800,K01397.01,1.0,0.9999994039535522
candidate_1801,K03391.01,0.0,4.137956420890987e-05
candidate_1802,K04207.01,0.0,1.5181431081146002e-05
candidate_1803,K05677.01,1.0,0.999864935874939
candidate_1804,K04637.01,1.0,0.9991801381111145
candidate_1805,K04694.01,1.0,0.9999853372573853
candidate_1806,K07174.01,1.0,0.9597468972206116
candidate_1807,K04818.01,1.0,0.9999740123748779
candidate_1808,K05680.01,0.0,2.6120088997740093e-18
candidate_1809,K08183.01,0.0,2.4995299099828117e-05
candidate_1810,K07938.01,0.0,3.0801940198340845e-16
candidate_1811,K05681.01,0.0,1.570439884729735e-25
candidate_1812,K05682.01,0.0,1.0804341449288657e-10
candidate_1813,K03495.01,0.0,8.180931132528713e-08
candidate_1814,K03495.02,0.0,2.446656708343653e-07
candidate_1815,K05684.01,0.0,6.989009307289962e-06
candidate_1816,K00423.02,0.0,1.0193554333959298e-10
candidate_1817,K04906.01,1.0,0.999738872051239
candidate_1818,K07179.01,0.0,8.491441189726888e-19
candidate_1819,K05685.01,0.0,2.230578610706857e-09
candidate_1820,K02029.04,0.0,0.024632783606648445
candidate_1821,K07180.01,0.0,1.9343348230351633e-28
candidate_1822,K04226.01,1.0,0.9999997615814209
candidate_1823,K04346.01,1.0,0.9998998641967773
candidate_1824,K01466.01,0.0,0.006213200278580189
candidate_1825,K07182.01,0.0,1.8394799572440945e-11
candidate_1826,K04242.01,0.0,2.385897630574618e-07
candidate_1827,K07940.01,0.0,2.06390748935803e-09
candidate_1828,K05688.01,1.0,0.9894934892654419
candidate_1829,K02364.01,1.0,0.9999979734420776
candidate_1830,K05689.01,0.0,4.638977202375827e-08
candidate_1831,K03472.01,1.0,0.9999996423721313
candidate_1832,K05690.01,0.0,2.9682144031539792e-06
candidate_1833,K03132.01,0.0,1.8826019909656821e-10
candidate_1834,K04030.02,0.0,8.768485573231909e-23
candidate_1835,K00080.01,0.0,1.2144576899686399e-08
candidate_1836,K03313.01,1.0,0.970481276512146
candidate_1837,K02512.01,1.0,0.9999998807907104
candidate_1838,K02637.01,0.0,0.001970826182514429
candidate_1839,K01745.01,0.0,6.631494034081697e-05
candidate_1840,K05692.01,0.0,8.724307942742371e-10
candidate_1841,K03165.01,1.0,0.9928103685379028
candidate_1842,K05694.01,0.0,1.3868906023617456e-11
candidate_1843,K00115.03,0.0,1.970349217117473e-09
candidate_1844,K02548.01,0.0,0.0019955711904913187
candidate_1845,K02217.01,0.0,2.325252078556883e-13
candidate_1846,K04877.01,1.0,0.9999103546142578
candidate_1847,K04388.02,0.0,5.2826128887906165e-11
candidate_1848,K07195.01,1.0,0.862149715423584
candidate_1849,K07197.01,1.0,0.9998964071273804
candidate_1850,K05698.01,0.0,4.191143163453275e-15
candidate_1851,K07199.01,0.0,1.0635943681336357e-06
candidate_1852,K02612.02,0.0,0.46080127358436584
candidate_1853,K07949.01,0.0,3.985037994036489e-11
candidate_1854,K00945.03,0.0,2.6787171317362544e-15
candidate_1855,K03102.01,1.0,0.9997857213020325
candidate_1856,K02037.02,1.0,0.8279882073402405
candidate_1857,K02037.03,1.0,0.9999958276748657
candidate_1858,K07205.01,0.0,2.10318169130419e-11
candidate_1859,K07208.01,0.0,3.6148842355032684e-06
candidate_1860,K07209.01,0.0,0.34073981642723083
candidate_1861,K07951.01,0.0,1.8933110368379857e-06
candidate_1862,K04430.01,0.0,0.0028120053466409445
candidate_1863,K07953.01,0.0,3.979892881034175e-06
candidate_1864,K07954.01,0.0,5.95945626180594e-10
candidate_1865,K07215.01,0.0,6.02987171305358e-08
candidate_1866,K02272.01,0.0,3.255484532123376e-13
candidate_1867,K06209.01,1.0,0.9997078776359558
candidate_1868,K06209.02,1.0,0.999618649482727
candidate_1869,K07220.01,0.0,2.769080242881472e-10
candidate_1870,K05702.01,0.0,1.9515465462984893e-15
candidate_1871,K03460.01,1.0,0.9999980926513672
candidate_1872,K07223.01,0.0,1.8451557273473315e-17
candidate_1873,K05704.01,0.0,0.3050059378147125
candidate_1874,K07224.01,1.0,0.554928719997406
candidate_1875,K02706.01,1.0,0.9917815327644348
candidate_1876,K04120.01,1.0,0.9999998807907104
candidate_1877,K04822.01,0.0,0.0004190068575553596
candidate_1878,K00469.01,1.0,0.8955273628234863
candidate_1879,K02613.01,1.0,0.9999483823776245
candidate_1880,K04273.01,1.0,0.9999994039535522
candidate_1881,K05707.01,0.0,1.3941261478578326e-08
candidate_1882,K07226.01,1.0,0.9972270727157593
candidate_1883,K06210.01,0.0,1.5331449217809157e-12
candidate_1884,K03137.01,0.0,0.10336074233055115
candidate_1885,K00950.01,0.0,1.6723193496659405e-08
candidate_1886,K04636.01,1.0,0.999984622001648
candidate_1887,K04691.01,0.0,0.377564400434494
candidate_1888,K04462.01,0.0,5.730803007305059e-21
candidate_1889,K04363.01,1.0,0.9999980926513672
candidate_1890,K05712.01,0.0,9.609686195388972e-16
candidate_1891,K04856.01,1.0,0.9999998807907104
candidate_1892,K07231.02,1.0,0.9999971389770508
candidate_1893,K07232.01,0.0,8.732145602152741e-07
candidate_1894,K02923.01,1.0,0.9999994039535522
candidate_1895,K07235.01,0.0,1.1024280155425004e-07
candidate_1896,K04192.02,1.0,0.9994551539421082
candidate_1897,K05715.01,0.0,2.04156318746984e-23
candidate_1898,K03043.01,0.0,2.9554414027188614e-07
candidate_1899,K03043.02,0.0,0.040630027651786804
candidate_1900,K04421.01,1.0,0.9730181097984314
candidate_1901,K04421.02,1.0,0.9740856289863586
candidate_1902,K07236.01,1.0,0.9997616410255432
candidate_1903,K04670.01,0.0,0.022053329274058342
candidate_1904,K05718.01,0.0,0.00013358394789975137
candidate_1905,K03028.02,0.0,0.03375476598739624
candidate_1906,K05719.01,1.0,0.8714298605918884
candidate_1907,K03480.01,0.0,2.371310037219132e-09
candidate_1908,K03354.01,1.0,0.999998927116394
candidate_1909,K00716.01,0.0,4.892507604381535e-06
candidate_1910,K05725.01,0.0,1.207076660847406e-09
candidate_1911,K01815.02,1.0,0.9988258481025696
candidate_1912,K01537.01,1.0,0.9999947547912598
candidate_1913,K07970.01,1.0,0.6403119564056396
candidate_1914,K05727.01,0.0,1.0609039357012339e-16
candidate_1915,K01872.01,1.0,0.9999929666519165
candidate_1916,K04383.02,0.0,0.04672931134700775
candidate_1917,K02732.04,1.0,0.9257531762123108
candidate_1918,K04575.01,0.0,6.024055920761384e-09
candidate_1919,K02579.03,1.0,0.7937017679214478
candidate_1920,K07973.01,0.0,5.420901358008101e-13
candidate_1921,K02135.02,0.0,0.47784101963043213
candidate_1922,K07976.01,0.0,0.02059062197804451
candidate_1923,K07252.01,0.0,0.0007210297044366598
candidate_1924,K05732.01,1.0,0.9777820110321045
candidate_1925,K07255.01,0.0,8.246720228357804e-14
candidate_1926,K01587.01,1.0,0.9966503977775574
candidate_1927,K04885.01,1.0,0.9998807907104492
candidate_1928,K05736.01,0.0,5.8113389100888924e-11
candidate_1929,K04431.01,0.0,8.410015288973227e-05
candidate_1930,K07978.01,0.0,6.2987943749703845e-09
candidate_1931,K05737.01,0.0,1.2385419152328949e-17
candidate_1932,K05740.01,0.0,0.45121073722839355
candidate_1933,K07258.01,0.0,0.000257069623330608
candidate_1934,K07259.01,0.0,1.0706473292237205e-17
candidate_1935,K04460.01,0.0,2.227110775529853e-13
candidate_1936,K04647.01,1.0,1.0
candidate_1937,K04647.02,1.0,0.9999959468841553
candidate_1938,K05741.01,0.0,1.340501617475713e-22
candidate_1939,K00076.01,1.0,1.0
candidate_1940,K02677.01,1.0,0.9607986211776733
candidate_1941,K00593.04,0.0,1.4537251192625296e-22
candidate_1942,K07264.01,1.0,0.9998910427093506
candidate_1943,K03051.01,1.0,0.9999974966049194
candidate_1944,K05745.01,0.0,6.5246894109805e-07
candidate_1945,K03401.01,0.0,0.00015867312322370708
candidate_1946,K03401.02,0.0,8.163647980275607e-14
candidate_1947,K03462.01,1.0,0.9999375343322754
candidate_1948,K03462.02,1.0,0.9999942779541016
candidate_1949,K05747.01,0.0,6.97713347100882e-17
candidate_1950,K04820.01,1.0,0.99272620677948
candidate_1951,K02018.02,0.0,0.39734432101249695
candidate_1952,K06214.02,0.0,2.966341674415674e-16
candidate_1953,K05748.01,0.0,2.2097613339155942e-07
candidate_1954,K05749.01,0.0,4.498837569144598e-08
candidate_1955,K03470.01,1.0,0.9999998807907104
