rowid,kepid,kepoi_name,kepler_name,koi_disposition,koi_vet_stat,koi_vet_date,koi_pdisposition,koi_score,koi_fpflag_nt,koi_fpflag_ss,koi_fpflag_co,koi_fpflag_ec,koi_disp_prov,koi_comment,koi_period,koi_period_err1,koi_period_err2,koi_time0bk,koi_time0bk_err1,koi_time0bk_err2,koi_time0,koi_time0_err1,koi_time0_err2,koi_eccen,koi_eccen_err1,koi_eccen_err2,koi_longp,koi_longp_err1,koi_longp_err2,koi_impact,koi_impact_err1,koi_impact_err2,koi_duration,koi_duration_err1,koi_duration_err2,koi_ingress,koi_ingress_err1,koi_ingress_err2,koi_depth,koi_depth_err1,koi_depth_err2,koi_ror,koi_ror_err1,koi_ror_err2,koi_srho,koi_srho_err1,koi_srho_err2,koi_fittype,koi_prad,koi_prad_err1,koi_prad_err2,koi_sma,koi_sma_err1,koi_sma_err2,koi_incl,koi_incl_err1,koi_incl_err2,koi_teq,koi_teq_err1,koi_teq_err2,koi_insol,koi_insol_err1,koi_insol_err2,koi_dor,koi_dor_err1,koi_dor_err2,koi_limbdark_mod,koi_ldm_coeff4,koi_ldm_coeff3,koi_ldm_coeff2,koi_ldm_coeff1,koi_parm_prov,koi_max_sngle_ev,koi_max_mult_ev,koi_model_snr,koi_count,koi_num_transits,koi_tce_plnt_num,koi_tce_delivname,koi_quarters,koi_bin_oedp_sig,koi_trans_mod,koi_model_dof,koi_model_chisq,koi_datalink_dvr,koi_datalink_dvs,koi_steff,koi_steff_err1,koi_steff_err2,koi_slogg,koi_slogg_err1,koi_slogg_err2,koi_smet,koi_smet_err1,koi_smet_err2,koi_srad,koi_srad_err1,koi_srad_err2,koi_smass,koi_smass_err1,koi_smass_err2,koi_sage,koi_sage_err1,koi_sage_err2,koi_sparprov,ra,dec,koi_kepmag,koi_gmag,koi_rmag,koi_imag,koi_zmag,koi_jmag,koi_hmag,koi_kmag,koi_fwm_stat_sig,koi_fwm_sra,koi_fwm_sra_err,koi_fwm_sdec,koi_fwm_sdec_err,koi_fwm_srao,koi_fwm_srao_err,koi_fwm_sdeco,koi_fwm_sdeco_err,koi_fwm_prao,koi_fwm_prao_err,koi_fwm_pdeco,koi_fwm_pdeco_err,koi_dicco_mra,koi_dicco_mra_err,koi_dicco_mdec,koi_dicco_mdec_err,koi_dicco_msky,koi_dicco_msky_err,koi_dikco_mra,koi_dikco_mra_err,koi_dikco_mdec,koi_dikco_mdec_err,koi_dikco_msky,koi_dikco_msky_err
38,11138155,K00760.01,,CANDIDATE,Done,2018-08-16,CANDIDATE,1.0,0,0,0,0,q1_q17_dr25_sup_koi,NO_COMMENT,4.959319244,5.15e-07,-5.15e-07,172.2585292,8.27e-05,-8.27e-05,2455005.259,8.27e-05,-8.27e-05,0.0,,,,,,0.831,0.016,-0.004,2.22739,0.0075,-0.0075,,,,9802.0,20.0,-20.0,0.103379,0.001245,-7.4e-05,1.46169,0.05503,-0.18338,LS+MCMC,12.21,1.96,-1.46,0.0565,,,86.15,,,1103.0,,,349.4,146.52,-93.21,12.386,0.466,-0.466,Claret (2011 A&A 529 75) ATLAS LS,0.0,0.0,0.2602,0.4096,q1_q17_dr25_koi,58.764744,670.4895,696.5,1,269.0,1.0,q1_q17_dr25_tce,11111111111111111000000000000000,0.0517,Mandel and Agol (2002 ApJ 580 171),,,011/011138/011138155/dv/kplr011138155-20160209194854_dvr.pdf,011/011138/011138155/dv/kplr011138155-001-20160209194854_dvs.pdf,5712.0,77.0,-77.0,4.359,0.11,-0.11,0.1,0.15,-0.15,1.082,0.173,-0.13,0.976,0.073,-0.055,,,,q1_q17_dr25_stellar,292.16705,48.727589,15.263,15.715,15.209,15.069,15.041,14.123,13.815,13.805,0.705,19.47780401,6.2e-07,48.7275662,5.6e-06,0.0,0.022,-0.086,0.02,0.00011,0.00052,-7e-05,0.00075,-0.018,0.067,0.012,0.067,0.022,0.067,-0.021,0.067,-0.077,0.068,0.08,0.068
345,10350571,K01175.02,,CANDIDATE,Done,2018-08-16,CANDIDATE,0.997,0,0,0,0,q1_q17_dr25_sup_koi,NO_COMMENT,17.157236,0.0001862,-0.0001862,133.68951,0.00899,-0.00899,2454966.69,0.00899,-0.00899,0.0,,,,,,0.238,0.218,-0.238,11.284,0.248,-0.248,,,,110.4,5.0,-5.0,0.009558,0.000343,-0.000362,0.09554,0.01196,-0.03008,LS+MCMC,1.55,0.24,-0.36,0.1309,,,88.81,,,844.0,,,119.87,53.1,-54.09,11.41,1.4,-1.4,Claret (2011 A&A 529 75) ATLAS LS,0.0,0.0,0.2638,0.4046,q1_q17_dr25_koi,3.4682977,13.00088,23.6,3,61.0,1.0,q1_q17_dr25_tce,11111101110111011000000000000000,0.2031,Mandel and Agol (2002 ApJ 580 171),,,010/010350/010350571/dv/kplr010350571-20160209194854_dvr.pdf,010/010350/010350571/dv/kplr010350571-001-20160209194854_dvs.pdf,5676.0,115.0,-104.0,4.1,0.203,-0.087,0.1,0.15,-0.15,1.487,0.229,-0.344,1.016,0.093,-0.084,,,,q1_q17_dr25_stellar,295.92065,47.448608,13.29,13.791,13.242,13.075,12.998,12.061,11.704,11.617,0.896,19.728044,1.4e-05,47.44859,0.00015,-0.02,0.52,-0.08,0.53,1e-05,5.7e-05,1.3e-05,5.9e-05,0.03,0.61,-0.58,0.73,0.58,0.73,0.1,0.61,-0.5,0.73,0.51,0.73
376,9032900,K00134.01,,CANDIDATE,Done,2018-08-16,CANDIDATE,0.0,0,0,0,0,q1_q17_dr25_sup_koi,LPP_DV---MOD_NONUNIQ_DV---MOD_TER_DV---MOD_POS_DV---MOD_NONUNIQ_ALT---MOD_TER_ALT---MOD_POS_ALT,67.5923754,0.0005335,-0.0005335,151.75056,0.00535,-0.00535,2454984.751,0.00535,-0.00535,0.0,,,,,,0.728,0.017,-0.451,12.249,0.332,-0.332,,,,4158.1,79.7,-79.7,0.063536,5.8e-05,-0.004707,0.14489,0.2145,-0.03815,LS+MCMC,12.1,2.25,-2.76,0.3582,,,88.73,,,588.0,,,28.2,14.74,-12.7,32.7,16.1,-16.1,Claret (2011 A&A 529 75) ATLAS LS,0.0,0.0,0.2845,0.3747,q1_q17_dr25_koi,56.80393,97.08831,60.9,1,21.0,2.0,q1_q17_dr25_tce,11111111111111111000000000000000,0.3897,Mandel and Agol (2002 ApJ 580 171),,,009/009032/009032900/dv/kplr009032900-20160209194854_dvr.pdf,009/009032/009032900/dv/kplr009032900-002-20160209194854_dvs.pdf,6038.0,120.0,-120.0,4.082,0.18,-0.12,0.34,0.1,-0.15,1.744,0.325,-0.398,1.341,0.125,-0.152,,,,q1_q17_dr25_stellar,295.58658,45.364979,13.675,14.038,13.622,13.52,13.49,12.628,12.413,12.322,0.123,19.7057672,6.5e-06,45.364865,8.4e-05,-0.18,0.25,-0.41,0.3,9e-05,0.00017,0.0001,0.00023,-0.02,0.36,-0.1,0.39,0.1,0.4,0.05,0.37,-0.15,0.39,0.16,0.34
553,10141900,K01082.01,,CANDIDATE,Done,2018-08-16,CANDIDATE,1.0,0,0,0,0,q1_q17_dr25_sup_koi,CENT_FEW_DIFFS,6.50327035,3.134e-05,-3.134e-05,135.26657,0.00357,-0.00357,2454968.267,0.00357,-0.00357,0.0,,,,,,0.08,0.375,-0.08,2.591,0.131,-0.131,,,,418.3,24.1,-24.1,0.018135,0.000987,-0.000636,3.30276,0.26862,-1.45375,LS+MCMC,1.67,0.08,-0.12,0.0634,,,89.76,,,804.0,,,98.81,16.62,-18.82,19.47,1.6,-1.6,Claret (2011 A&A 529 75) ATLAS LS,0.0,0.0,0.1451,0.582,q1_q17_dr25_koi,3.6596506,15.91325,19.0,4,200.0,1.0,q1_q17_dr25_tce,11111111111111111000000000000000,0.4126,Mandel and Agol (2002 ApJ 580 171),,,010/010141/010141900/dv/kplr010141900-20160209194854_dvr.pdf,010/010141/010141900/dv/kplr010141900-001-20160209194854_dvs.pdf,4999.0,79.0,-79.0,4.49,0.075,-0.03,0.18,0.15,-0.15,0.843,0.04,-0.06,0.8,0.048,-0.028,,,,q1_q17_dr25_stellar,292.14447,47.157349,15.692,16.393,15.628,15.392,15.283,14.24,13.758,13.752,0.009,19.476315,2.5e-05,47.15776,0.00026,0.63,0.93,1.49,0.92,-0.00019,0.00037,-0.00059,0.00037,1.1,1.1,-0.96,0.76,1.46,0.86,1.3,1.1,-0.93,0.68,1.62,0.85
554,10141900,K01082.02,,CANDIDATE,Done,2018-08-16,CANDIDATE,0.695,0,0,0,0,q1_q17_dr25_sup_koi,NO_COMMENT,4.09667624,1.956e-05,-1.956e-05,133.09833,0.00376,-0.00376,2454966.098,0.00376,-0.00376,0.0,,,,,,0.142,0.32,-0.142,2.19,0.122,-0.122,,,,302.3,20.4,-20.4,0.01546,0.000968,-0.000556,3.35101,0.52027,-1.40477,LS+MCMC,1.42,0.07,-0.1,0.0466,,,89.43,,,938.0,,,182.9,30.76,-34.85,14.38,2.2,-2.2,Claret (2011 A&A 529 75) ATLAS LS,0.0,0.0,0.1451,0.582,q1_q17_dr25_koi,3.3489723,11.0181,16.2,4,291.0,3.0,q1_q17_dr25_tce,11111111111111111000000000000000,0.8198,Mandel and Agol (2002 ApJ 580 171),,,010/010141/010141900/dv/kplr010141900-20160209194854_dvr.pdf,010/010141/010141900/dv/kplr010141900-003-20160209194854_dvs.pdf,4999.0,79.0,-79.0,4.49,0.075,-0.03,0.18,0.15,-0.15,0.843,0.04,-0.06,0.8,0.048,-0.028,,,,q1_q17_dr25_stellar,292.14447,47.157349,15.692,16.393,15.628,15.392,15.283,14.24,13.758,13.752,0.013,19.476251,3.3e-05,47.15696,0.00033,-1.7,1.2,-1.4,1.2,0.00047,0.0003,0.00036,0.0003,0.13,0.81,0.7,0.67,0.71,0.77,0.34,0.84,0.71,0.66,0.79,0.9
667,7102227,K01360.03,,CANDIDATE,Done,2018-08-16,CANDIDATE,0.921,0,0,0,0,q1_q17_dr25_sup_koi,NO_COMMENT,0.764017553,3.767e-06,-3.767e-06,132.2214,0.00448,-0.00448,2454965.221,0.00448,-0.00448,0.0,,,,,,0.442,0.5,-0.237,1.103,0.143,-0.143,,,,128.2,13.0,-13.0,0.010487,0.000436,-0.000901,3.7212,1.62144,-3.5058,LS+MCMC,0.86,0.12,-0.07,0.0154,,,84.79,,,1589.0,,,1503.79,649.53,-390.73,4.86,2.1,-2.1,Claret (2011 A&A 529 75) ATLAS LS,0.0,0.0,0.2043,0.4966,q1_q17_dr25_koi,3.4748602,11.504973,13.2,3,1685.0,3.0,q1_q17_dr25_tce,11111111111111111000000000000000,0.9497,Mandel and Agol (2002 ApJ 580 171),,,007/007102/007102227/dv/kplr007102227-20160209194854_dvr.pdf,007/007102/007102227/dv/kplr007102227-003-20160209194854_dvs.pdf,5142.0,153.0,-153.0,4.602,0.033,-0.083,-0.06,0.3,-0.3,0.755,0.097,-0.065,0.84,0.065,-0.09,,,,q1_q17_dr25_stellar,286.41,42.681549,15.596,16.302,15.511,15.293,15.134,14.054,13.583,13.452,0.383,19.093981,3e-05,42.68132,0.00035,-0.7,1.2,-0.8,1.3,7e-05,0.00011,7e-05,0.00012,0.82,0.5,0.42,0.77,0.93,0.56,0.88,0.57,0.34,0.61,0.94,0.6
671,11122894,K01426.03,,CANDIDATE,Done,2018-08-16,CANDIDATE,0.999,0,0,0,0,q1_q17_dr25_sup_koi,NO_COMMENT,150.0189511,0.0001744,-0.0001744,224.685714,0.000916,-0.000916,2455057.686,0.000916,-0.000916,0.0,,,,,,1.252,67.03,-0.169,4.3823,0.0486,-0.0486,,,,4319.7,46.8,-46.8,0.332851,66.94402,-0.154799,1.42611,353.15771,-0.15199,LS+MCMC,32.6,3.6,-2.94,0.523,,,89.4,,,325.0,,,2.62,0.88,-0.62,119.3,59.5,-59.5,Claret (2011 A&A 529 75) ATLAS LS,0.0,0.0,0.2434,0.4341,q1_q17_dr25_koi,37.902687,92.3644,106.2,3,10.0,2.0,q1_q17_dr25_tce,11111111111111111000000000000000,0.8415,Mandel and Agol (2002 ApJ 580 171),,,011/011122/011122894/dv/kplr011122894-20160209194854_dvr.pdf,011/011122/011122894/dv/kplr011122894-002-20160209194854_dvs.pdf,5618.0,112.0,-112.0,4.46,0.081,-0.09,-0.22,0.15,-0.15,0.897,0.099,-0.081,0.846,0.059,-0.049,,,,q1_q17_dr25_stellar,283.20917,48.777641,14.232,14.628,14.158,14.063,13.985,13.122,12.785,12.78,0.584,18.8806093,4.2e-06,48.777748,4e-05,-0.05,0.15,0.39,0.14,0.0002,0.001,-0.0003,0.0014,0.058,0.075,0.049,0.076,0.076,0.075,0.073,0.072,0.156,0.078,0.172,0.077
852,8804283,K01276.01,,CANDIDATE,Done,2018-08-16,CANDIDATE,1.0,0,0,0,0,q1_q17_dr25_sup_koi,CENT_KIC_POS,22.79020351,6.878e-05,-6.878e-05,138.68515,0.00257,-0.00257,2454971.685,0.00257,-0.00257,0.0,,,,,,0.036,0.415,-0.036,5.0394,0.079,-0.079,,,,617.9,13.9,-13.9,0.02233,0.000728,-0.00039,1.60255,0.0201,-0.59606,LS+MCMC,2.57,0.36,-0.36,0.1528,,,89.94,,,634.0,,,38.27,14.48,-11.44,35.303,0.443,-0.443,Claret (2011 A&A 529 75) ATLAS LS,0.0,0.0,0.224,0.4695,q1_q17_dr25_koi,7.908446,40.07861,47.7,2,58.0,1.0,q1_q17_dr25_tce,11111111111111111000000000000000,0.1098,Mandel and Agol (2002 ApJ 580 171),,,008/008804/008804283/dv/kplr008804283-20160209194854_dvr.pdf,008/008804/008804283/dv/kplr008804283-001-20160209194854_dvs.pdf,5478.0,82.0,-74.0,4.354,0.132,-0.096,0.16,0.15,-0.15,1.053,0.147,-0.147,0.914,0.061,-0.042,,,,q1_q17_dr25_stellar,285.0361,45.07106,14.766,15.29,14.694,14.542,14.456,13.539,13.194,13.067,0.0,19.0024279,5.5e-06,45.070844,6.5e-05,0.83,0.21,-0.78,0.23,0.00036,0.00013,-0.00061,0.00015,-3.5,0.58,3.73,0.64,5.12,0.85,-0.06,0.13,-0.13,0.13,0.15,0.13
853,8804283,K01276.02,,CANDIDATE,Done,2018-08-16,CANDIDATE,1.0,0,0,0,0,q1_q17_dr25_sup_koi,CENT_KIC_POS,13.26079792,9.795e-05,-9.795e-05,139.0988,0.00554,-0.00554,2454972.099,0.00554,-0.00554,0.0,,,,,,0.22,0.25,-0.22,3.912,0.169,-0.169,,,,199.4,12.4,-12.4,0.01276,0.00065,-0.000497,1.80709,0.27136,-0.70466,LS+MCMC,1.47,0.2,-0.21,0.1065,,,89.51,,,760.0,,,78.79,29.8,-23.55,25.61,3.8,-3.8,Claret (2011 A&A 529 75) ATLAS LS,0.0,0.0,0.224,0.4695,q1_q17_dr25_koi,4.787258,14.653385,17.6,2,97.0,2.0,q1_q17_dr25_tce,11111111111111111000000000000000,0.5118,Mandel and Agol (2002 ApJ 580 171),,,008/008804/008804283/dv/kplr008804283-20160209194854_dvr.pdf,008/008804/008804283/dv/kplr008804283-002-20160209194854_dvs.pdf,5478.0,82.0,-74.0,4.354,0.132,-0.096,0.16,0.15,-0.15,1.053,0.147,-0.147,0.914,0.061,-0.042,,,,q1_q17_dr25_stellar,285.0361,45.07106,14.766,15.29,14.694,14.542,14.456,13.539,13.194,13.067,0.028,19.002428,1.5e-05,45.07077,0.00018,0.83,0.56,-1.05,0.63,0.00012,0.00011,-0.00014,0.00012,-3.84,0.68,3.46,0.83,5.17,0.98,-0.27,0.27,-0.25,0.42,0.36,0.43
859,4077526,K01336.04,,CANDIDATE,Done,2018-08-16,CANDIDATE,1.0,0,0,0,0,q1_q17_dr25_sup_koi,NO_COMMENT,4.45814897,2.897e-05,-2.897e-05,134.39743,0.00472,-0.00472,2454967.397,0.00472,-0.00472,0.0,,,,,,0.754,0.223,-0.548,2.867,0.152,-0.152,,,,188.1,14.5,-14.5,0.013643,0.003627,-0.001228,0.50387,1.11866,-0.4786,LS+MCMC,1.61,0.52,-0.22,0.0533,,,84.65,,,1212.0,,,511.6,502.96,-182.45,8.09,3.6,-3.6,Claret (2011 A&A 529 75) ATLAS LS,0.0,0.0,0.2889,0.3511,q1_q17_dr25_koi,3.0950994,11.357054,14.3,4,210.0,4.0,q1_q17_dr25_tce,11111011101110111000000000000000,0.0296,Mandel and Agol (2002 ApJ 580 171),,,004/004077/004077526/dv/kplr004077526-20160209194854_dvr.pdf,004/004077/004077526/dv/kplr004077526-004-20160209194854_dvs.pdf,6100.0,193.0,-214.0,4.376,0.105,-0.195,-0.12,0.25,-0.3,1.083,0.35,-0.15,1.017,0.167,-0.125,,,,q1_q17_dr25_stellar,296.35867,39.115189,14.82,15.311,14.763,14.61,14.472,13.643,13.382,13.283,0.0,19.757273,2.8e-05,39.11444,0.0003,1.2,1.2,-2.7,1.1,-5e-05,0.0002,0.00045,0.00019,-0.5,1.1,-1.16,0.72,1.26,0.85,-0.55,0.98,-1.17,0.71,1.29,0.88
973,7376983,K01358.01,,CANDIDATE,Done,2018-08-16,CANDIDATE,1.0,0,0,0,0,q1_q17_dr25_sup_koi,CENT_KIC_POS,5.644914154,8.778e-06,-8.778e-06,356.73699,0.0011,-0.0011,2455189.737,0.0011,-0.0011,0.0,,,,,,0.445,0.037,-0.445,2.2599,0.0433,-0.0433,,,,1397.9,24.4,-24.4,0.03411,0.006918,-0.000933,3.36374,1.48099,-0.4015,LS+MCMC,2.66,0.25,-0.18,0.0571,,,88.57,,,744.0,,,72.38,27.67,-18.17,17.83,7.8,-7.8,Claret (2011 A&A 529 75) ATLAS LS,0.0,0.0,0.1054,0.6323,q1_q17_dr25_koi,7.3839817,51.430588,63.9,4,199.0,1.0,q1_q17_dr25_tce,00011111111111111000000000000000,0.7087,Mandel and Agol (2002 ApJ 580 171),,,007/007376/007376983/dv/kplr007376983-20160209194854_dvr.pdf,007/007376/007376983/dv/kplr007376983-001-20160209194854_dvs.pdf,4769.0,172.0,-172.0,4.622,0.024,-0.06,0.12,0.25,-0.3,0.714,0.068,-0.049,0.799,0.041,-0.081,,,,q1_q17_dr25_stellar,295.8255,42.94339,15.505,16.412,15.453,15.117,14.945,13.842,13.321,13.154,0.0,19.7216898,1.1e-06,42.942458,1.8e-05,-0.402,0.043,-3.356,0.066,-0.00022,0.00012,-0.00104,0.00016,0.179,0.093,6.008,0.095,6.011,0.095,-0.12,0.11,-0.018,0.089,0.12,0.11
992,7376983,K01358.02,,CANDIDATE,Done,2018-08-16,CANDIDATE,0.999,0,0,0,0,q1_q17_dr25_sup_koi,CENT_KIC_POS,8.74292005,3.311e-05,-3.311e-05,358.59286,0.00266,-0.00266,2455191.593,0.00266,-0.00266,0.0,,,,,,0.025,0.416,-0.025,2.6277,0.0846,-0.0846,,,,779.5,28.2,-28.2,0.024586,0.001177,-0.000524,4.37105,0.45949,-1.40528,LS+MCMC,1.92,0.18,-0.13,0.0765,,,89.95,,,643.0,,,40.33,15.41,-10.13,26.04,2.7,-2.7,Claret (2011 A&A 529 75) ATLAS LS,0.0,0.0,0.1054,0.6323,q1_q17_dr25_koi,4.783428,25.053642,30.7,4,122.0,2.0,q1_q17_dr25_tce,00011111111111111000000000000000,0.508,Mandel and Agol (2002 ApJ 580 171),,,007/007376/007376983/dv/kplr007376983-20160209194854_dvr.pdf,007/007376/007376983/dv/kplr007376983-002-20160209194854_dvs.pdf,4769.0,172.0,-172.0,4.622,0.024,-0.06,0.12,0.25,-0.3,0.714,0.068,-0.049,0.799,0.041,-0.081,,,,q1_q17_dr25_stellar,295.8255,42.94339,15.505,16.412,15.453,15.117,14.945,13.842,13.321,13.154,0.0,19.7216837,2.3e-06,42.942426,3.8e-05,-0.644,0.09,-3.47,0.14,6.2e-05,9.4e-05,-0.0005,0.00014,0.54,0.61,6.26,0.58,6.29,0.58,0.27,0.61,0.2,0.58,0.34,0.6
993,7376983,K01358.03,,CANDIDATE,Done,2018-08-16,CANDIDATE,1.0,0,0,0,0,q1_q17_dr25_sup_koi,CENT_KIC_POS,3.64830183,1.621e-05,-1.621e-05,355.39128,0.00307,-0.00307,2455188.391,0.00307,-0.00307,0.0,,,,,,0.063,0.396,-0.062,1.9985,0.0929,-0.0929,,,,371.7,21.0,-21.0,0.017009,0.000969,-0.000646,4.04262,0.36429,-1.78989,LS+MCMC,1.33,0.12,-0.09,0.0427,,,89.75,,,860.0,,,129.44,49.47,-32.5,14.17,1.3,-1.3,Claret (2011 A&A 529 75) ATLAS LS,0.0,0.0,0.1054,0.6323,q1_q17_dr25_koi,4.960234,15.45596,19.9,4,282.0,3.0,q1_q17_dr25_tce,00011111111111111000000000000000,0.8901,Mandel and Agol (2002 ApJ 580 171),,,007/007376/007376983/dv/kplr007376983-20160209194854_dvr.pdf,007/007376/007376983/dv/kplr007376983-003-20160209194854_dvs.pdf,4769.0,172.0,-172.0,4.622,0.024,-0.06,0.12,0.25,-0.3,0.714,0.068,-0.049,0.799,0.041,-0.081,,,,q1_q17_dr25_stellar,295.8255,42.94339,15.505,16.412,15.453,15.117,14.945,13.842,13.321,13.154,0.0,19.7216883,3.5e-06,42.94242,5.8e-05,-0.46,0.14,-3.49,0.21,-3.8e-05,5.6e-05,-0.000229,8.4e-05,0.07,0.24,6.18,0.23,6.18,0.23,-0.24,0.25,0.16,0.16,0.29,0.26
994,7376983,K01358.04,,CANDIDATE,Done,2018-08-16,CANDIDATE,0.933,0,0,0,0,q1_q17_dr25_sup_koi,CENT_KIC_POS,2.345863002,9.55e-06,-9.55e-06,354.11185,0.00264,-0.00264,2455187.112,0.00264,-0.00264,0.0,,,,,,0.035,0.438,-0.035,1.6795,0.0886,-0.0886,,,,316.7,18.4,-18.4,0.015717,0.000887,-0.000635,4.38761,0.41091,-1.99224,LS+MCMC,1.23,0.11,-0.09,0.0318,,,89.81,,,997.0,,,233.38,89.19,-58.6,10.85,1.0,-1.0,Claret (2011 A&A 529 75) ATLAS LS,0.0,0.0,0.1054,0.6323,q1_q17_dr25_koi,3.6697474,14.618407,19.6,4,428.0,4.0,q1_q17_dr25_tce,00011111111111111000000000000000,0.5831,Mandel and Agol (2002 ApJ 580 171),,,007/007376/007376983/dv/kplr007376983-20160209194854_dvr.pdf,007/007376/007376983/dv/kplr007376983-004-20160209194854_dvs.pdf,4769.0,172.0,-172.0,4.622,0.024,-0.06,0.12,0.25,-0.3,0.714,0.068,-0.049,0.799,0.041,-0.081,,,,q1_q17_dr25_stellar,295.8255,42.94339,15.505,16.412,15.453,15.117,14.945,13.842,13.321,13.154,0.0,19.7216873,3.7e-06,42.942439,6.1e-05,-0.5,0.14,-3.42,0.22,-1.8e-05,4.6e-05,-0.000202,6.9e-05,0.73,0.52,6.07,0.81,6.11,0.82,0.44,0.93,-0.27,0.76,0.51,0.89
1066,9636135,K01498.02,,CANDIDATE,Done,2018-08-16,CANDIDATE,0.999,0,0,0,0,q1_q17_dr25_sup_koi,NO_COMMENT,2.42150341,1.597e-05,-1.597e-05,133.83517,0.005,-0.005,2454966.835,0.005,-0.005,0.0,,,,,,0.55,0.402,-0.336,2.965,0.167,-0.167,,,,171.5,12.6,-12.6,0.01238,0.000369,-0.000754,0.49521,0.55472,-0.02785,LS+MCMC,1.62,0.47,-0.19,0.0382,,,84.11,,,1532.0,,,1305.04,1132.86,-447.17,5.35,2.0,-2.0,Claret (2011 A&A 529 75) ATLAS LS,0.0,0.0,0.3016,0.3403,q1_q17_dr25_koi,3.1100724,13.30873,15.8,2,511.0,2.0,q1_q17_dr25_tce,11111111111111111000000000000000,0.7075,Mandel and Agol (2002 ApJ 580 171),,,009/009636/009636135/dv/kplr009636135-20160209194854_dvr.pdf,009/009636/009636135/dv/kplr009636135-002-20160209194854_dvs.pdf,6213.0,173.0,-259.0,4.387,0.06,-0.192,0.36,0.1,-0.3,1.195,0.351,-0.14,1.27,0.142,-0.156,,,,q1_q17_dr25_stellar,285.0571,46.320679,15.776,16.241,15.706,15.576,15.552,14.676,14.384,14.218,0.043,19.00375,3e-05,46.32075,0.00031,-2.1,1.1,0.2,1.1,0.00034,0.00018,-5e-05,0.00018,-0.12,0.34,0.21,0.29,0.24,0.3,-0.02,0.32,0.02,0.3,0.03,0.31
1069,7841925,K01499.03,,CANDIDATE,Done,2018-08-16,CANDIDATE,0.464,0,0,0,0,q1_q17_dr25_sup_koi,CENT_KIC_POS,6.20920207,4.79e-05,-4.79e-05,136.87938,0.00711,-0.00711,2454969.879,0.00711,-0.00711,0.0,,,,,,0.272,0.189,-0.272,2.637,0.17,-0.17,,,,101.9,9.2,-9.2,0.009191,0.000603,-0.00044,2.62579,0.75618,-1.152,LS+MCMC,0.89,0.19,-0.13,0.061,,,89.11,,,914.0,,,164.98,110.29,-58.3,17.49,5.0,-5.0,Claret (2011 A&A 529 75) ATLAS LS,0.0,0.0,0.2434,0.4341,q1_q17_dr25_koi,8.336403,10.959013,12.1,3,208.0,2.0,q1_q17_dr25_tce,11111111111111111000000000000000,0.2101,Mandel and Agol (2002 ApJ 580 171),,,007/007841/007841925/dv/kplr007841925-20160209194854_dvr.pdf,007/007841/007841925/dv/kplr007841925-002-20160209194854_dvs.pdf,5440.0,162.0,-162.0,4.438,0.144,-0.192,-0.24,0.35,-0.3,0.885,0.193,-0.129,0.782,0.116,-0.062,,,,q1_q17_dr25_stellar,297.72427,43.527431,14.48,15.106,14.44,14.211,14.105,13.154,12.736,12.684,0.0,19.84829,3.1e-05,43.52618,0.00031,0.2,1.2,-4.5,1.1,-3e-05,0.00012,0.00041,0.00011,-1.5,1.2,-1.4,1.2,2.0,1.4,-1.47,0.9,-1.7,1.1,2.2,1.1
1144,9729691,K01751.02,,CANDIDATE,Done,2018-08-16,CANDIDATE,0.0,0,0,0,0,q1_q17_dr25_sup_koi,DEEP_V_SHAPED,20.99757968,3.334e-05,-3.334e-05,132.05689,0.0013,-0.0013,2454965.057,0.0013,-0.0013,0.0,,,,,,0.277,0.161,-0.277,2.454,0.0472,-0.0472,,,,1131.8,27.0,-27.0,0.030358,0.000739,-0.000808,11.72011,2.11403,-2.60077,LS+MCMC,2.97,0.61,-0.43,0.1394,,,89.76,,,582.0,,,27.2,18.29,-9.65,64.9,11.7,-11.7,Claret (2011 A&A 529 75) ATLAS LS,0.0,0.0,0.1914,0.5167,q1_q17_dr25_koi,9.976729,27.840118,44.7,2,51.0,2.0,q1_q17_dr25_tce,11111101110111011000000000000000,0.7615,Mandel and Agol (2002 ApJ 580 171),,,009/009729/009729691/dv/kplr009729691-20160209194854_dvr.pdf,009/009729/009729691/dv/kplr009729691-002-20160209194854_dvs.pdf,5211.0,181.0,-163.0,4.447,0.12,-0.18,0.08,0.25,-0.3,0.895,0.186,-0.129,0.817,0.104,-0.064,,,,q1_q17_dr25_stellar,298.60788,46.453678,14.548,15.249,14.433,14.248,14.055,13.063,12.627,12.519,0.052,19.90719,1e-05,46.45354,0.00011,-0.07,0.38,-0.5,0.38,9e-05,0.00037,0.00044,0.00039,0.17,0.13,0.04,0.16,0.17,0.14,0.08,0.14,0.03,0.18,0.09,0.15
1195,7939330,K01581.01,,CANDIDATE,Done,2018-08-16,CANDIDATE,1.0,0,0,0,0,q1_q17_dr25_sup_koi,NO_COMMENT,29.5422566,0.0002958,-0.0002958,137.57837,0.00871,-0.00871,2454970.578,0.00871,-0.00871,0.0,,,,,,0.959,0.011,-0.008,13.902,0.522,-0.522,,,,879.9,33.1,-33.1,0.035889,0.002133,-0.003108,0.0058,0.00072,-0.00189,LS+MCMC,3.15,0.73,-0.25,0.1792,,,81.44,,,515.0,,,16.56,11.85,-3.95,6.444,0.8,-0.8,Claret (2011 A&A 529 75) ATLAS LS,0.0,0.0,0.2434,0.4341,q1_q17_dr25_koi,7.930523,31.4297,39.5,2,46.0,1.0,q1_q17_dr25_tce,11111111111111111000000000000000,0.5159,Mandel and Agol (2002 ApJ 580 171),,,007/007939/007939330/dv/kplr007939330-20160209194854_dvr.pdf,007/007939/007939330/dv/kplr007939330-001-20160209194854_dvs.pdf,5510.0,166.0,-149.0,4.572,0.038,-0.152,-0.16,0.3,-0.3,0.803,0.188,-0.063,0.877,0.083,-0.092,,,,q1_q17_dr25_stellar,282.43918,43.734482,15.481,16.064,15.413,15.23,15.112,14.164,13.682,13.659,,18.8292775,9.9e-06,43.73423,0.00012,-0.07,0.39,-0.9,0.43,,,0.00065,0.00039,0.22,0.17,0.05,0.26,0.22,0.2,0.14,0.17,-0.1,0.19,0.17,0.17
1274,4770365,K01475.03,,CANDIDATE,Done,2018-08-16,CANDIDATE,0.987,0,0,0,0,q1_q17_dr25_sup_koi,CENT_KIC_POS,4.72941177,3.075e-05,-3.075e-05,132.93871,0.00548,-0.00548,2454965.939,0.00548,-0.00548,0.0,,,,,,0.236,0.234,-0.236,2.234,0.156,-0.156,,,,434.3,33.7,-33.7,0.018507,0.001083,-0.000982,3.48779,0.52524,-1.9219,LS+MCMC,1.22,0.05,-0.06,0.0468,,,89.16,,,669.0,,,47.3,8.56,-7.89,16.04,2.4,-2.4,Claret (2011 A&A 529 75) ATLAS LS,0.0,0.0,0.101,0.6443,q1_q17_dr25_koi,2.928935,10.887242,14.6,3,236.0,3.0,q1_q17_dr25_tce,01011111111111111000000000000000,0.9831,Mandel and Agol (2002 ApJ 580 171),,,004/004770/004770365/dv/kplr004770365-20160209194854_dvr.pdf,004/004770/004770365/dv/kplr004770365-003-20160209194854_dvs.pdf,4224.0,84.0,-84.0,4.662,0.025,-0.02,-0.2,0.15,-0.15,0.603,0.027,-0.03,0.609,0.033,-0.033,,,,q1_q17_dr25_stellar,297.43039,39.847839,15.937,17.151,15.868,15.416,15.149,14.045,13.321,13.2,,19.828682,2.2e-05,39.84746,0.0002,-0.41,0.91,-1.38,0.72,,,0.00034,0.00032,-1.3,1.6,0.2,1.0,1.3,1.5,-1.7,1.1,0.05,0.94,1.7,1.1
1370,9634821,K02037.01,,CANDIDATE,Done,2018-08-16,CANDIDATE,0.979,0,0,0,0,q1_q17_dr25_sup_koi,CENT_KIC_POS,73.7578875,0.0004304,-0.0004304,183.72348,0.00488,-0.00488,2455016.723,0.00488,-0.00488,0.0,,,,,,0.714,0.205,-0.487,2.69,0.115,-0.115,,,,1836.9,98.8,-98.8,0.042132,0.01097,-0.004136,14.00765,22.68921,-12.24071,LS+MCMC,4.28,2.21,-0.66,0.3259,,,89.74,,,375.0,,,4.66,7.81,-1.77,159.1,64.4,-64.4,Claret (2011 A&A 529 75) ATLAS LS,0.0,0.0,0.1324,0.6039,q1_q17_dr25_koi,11.729464,29.859983,20.2,3,15.0,1.0,q1_q17_dr25_tce,00011111111111111000000000000000,0.3831,Mandel and Agol (2002 ApJ 580 171),,,009/009634/009634821/dv/kplr009634821-20160209194854_dvr.pdf,009/009634/009634821/dv/kplr009634821-001-20160209194854_dvs.pdf,5029.0,192.0,-174.0,4.429,0.13,-0.416,0.48,0.05,-0.25,0.93,0.481,-0.144,0.847,0.068,-0.049,,,,q1_q17_dr25_stellar,284.34274,46.316551,15.213,16.038,15.092,14.859,14.696,13.661,13.175,13.016,0.0,18.9561786,6.5e-06,46.31699,0.00011,-0.13,0.24,1.6,0.39,-0.0011,0.00058,0.00317,0.00091,2.61,0.098,-9.32,0.11,9.68,0.11,-0.16,0.1,0.3,0.13,0.34,0.12
1457,3338885,K01845.02,,CANDIDATE,Done,2018-08-16,CANDIDATE,1.0,0,0,0,0,q1_q17_dr25_sup_koi,NO_COMMENT,5.05821338,4.738e-06,-4.738e-06,135.702454,0.000787,-0.000787,2454968.702,0.000787,-0.000787,0.0,,,,,,1.004,0.042,-0.696,1.132,0.112,-0.112,,,,748.3,23.7,-23.7,0.058714,0.006156,-0.024776,1.13328,57.87374,-0.61849,LS+MCMC,10.69,6.94,-6.3,0.0567,,,85.01,,,1168.0,,,439.8,905.81,-373.44,11.53,5.7,-5.7,Claret (2011 A&A 529 75) ATLAS LS,0.0,0.0,0.1396,0.5988,q1_q17_dr25_koi,5.601307,30.207308,43.2,2,237.0,2.0,q1_q17_dr25_tce,11111111111111111000000000000000,0.9388,Mandel and Agol (2002 ApJ 580 171),,,003/003338/003338885/dv/kplr003338885-20160209194854_dvr.pdf,003/003338/003338885/dv/kplr003338885-002-20160209194854_dvs.pdf,4883.0,146.0,-132.0,3.972,0.57,-0.38,0.56,0.05,-0.3,1.667,1.082,-0.983,0.951,0.198,-0.144,,,,q1_q17_dr25_stellar,290.54855,38.495281,14.438,15.344,14.362,14.05,13.861,12.807,12.276,12.19,0.423,19.3698977,6.8e-06,38.49517,8.7e-05,-0.26,0.29,-0.4,0.31,4e-05,0.00022,0.00016,0.00024,0.02,0.12,0.1,0.14,0.1,0.14,-0.08,0.12,0.13,0.15,0.16,0.16
1519,4157325,K01860.03,,CANDIDATE,Done,2018-08-16,CANDIDATE,1.0,0,0,0,0,q1_q17_dr25_sup_koi,CENT_KIC_POS,3.07644709,1.038e-05,-1.038e-05,353.7643,0.00224,-0.00224,2455186.764,0.00224,-0.00224,0.0,,,,,,0.708,0.235,-0.505,2.6326,0.0693,-0.0693,,,,216.7,8.1,-8.1,0.01442,0.002262,-0.001063,0.55826,0.83787,-0.42975,LS+MCMC,1.61,0.23,-0.17,0.0407,,,83.78,,,1253.0,,,583.25,244.51,-153.16,6.54,2.5,-2.5,Claret (2011 A&A 529 75) ATLAS LS,0.0,0.0,0.2602,0.4096,q1_q17_dr25_koi,4.620691,22.377825,29.3,4,337.0,3.0,q1_q17_dr25_tce,00011111111111111000000000000000,0.7163,Mandel and Agol (2002 ApJ 580 171),,,004/004157/004157325/dv/kplr004157325-20160209194854_dvr.pdf,004/004157/004157325/dv/kplr004157325-003-20160209194854_dvs.pdf,5670.0,114.0,-114.0,4.397,0.095,-0.105,0.06,0.15,-0.15,1.022,0.148,-0.108,0.949,0.067,-0.055,,,,q1_q17_dr25_stellar,291.55695,39.227291,14.028,14.509,13.977,13.822,13.745,12.874,12.576,12.51,0.0,19.4371097,3.3e-06,39.226224,7e-05,-0.88,0.14,-3.84,0.25,-6e-06,2.8e-05,-0.000156,5.1e-05,1.08,0.43,2.64,0.8,2.85,0.76,-0.15,0.34,-0.46,0.52,0.48,0.57
1578,9758089,K01871.01,,CANDIDATE,Done,2018-08-16,CANDIDATE,0.998,0,0,0,0,q1_q17_dr25_sup_koi,CENT_KIC_POS,92.7297248,0.000398,-0.000398,177.43808,0.00347,-0.00347,2455010.438,0.00347,-0.00347,0.0,,,,,,0.857,0.056,-0.597,6.83,0.153,-0.153,,,,1257.5,31.9,-31.9,0.038187,0.003406,-0.006244,0.49438,2.30134,-0.23741,LS+MCMC,2.81,0.2,-0.08,0.3608,,,89.19,,,276.0,,,1.38,0.32,-0.19,60.8,28.3,-28.3,Claret (2011 A&A 529 75) ATLAS LS,0.0,0.0,0.0656,0.6854,q1_q17_dr25_koi,11.24588,31.68297,43.3,2,13.0,1.0,q1_q17_dr25_tce,11111111111111111000000000000000,0.4814,Mandel and Agol (2002 ApJ 580 171),,,009/009758/009758089/dv/kplr009758089-20160209194854_dvr.pdf,009/009758/009758089/dv/kplr009758089-001-20160209194854_dvs.pdf,4580.0,92.0,-92.0,4.641,0.012,-0.045,0.08,0.15,-0.15,0.675,0.046,-0.021,0.748,0.027,-0.043,,,,q1_q17_dr25_stellar,285.25366,46.582191,14.897,15.858,14.819,14.485,14.296,13.213,12.636,12.53,0.0,19.0168853,5.8e-06,46.582466,5.9e-05,-0.92,0.22,0.99,0.21,-0.00102,0.00031,0.00091,0.00034,3.94,0.31,-2.87,0.29,4.87,0.36,0.26,0.16,0.38,0.25,0.46,0.22
1606,2832589,K01942.01,,CANDIDATE,Done,2018-08-16,CANDIDATE,1.0,0,0,0,0,q1_q17_dr25_sup_koi,CENT_KIC_POS,10.84969477,2.777e-05,-2.777e-05,136.74432,0.0021,-0.0021,2454969.744,0.0021,-0.0021,0.0,,,,,,0.55,0.28,-0.347,3.474,0.0673,-0.0673,,,,1122.1,27.5,-27.5,0.031398,0.003218,-0.001247,1.4533,1.00684,-0.06189,LS+MCMC,2.67,0.38,-0.21,0.0914,,,88.49,,,676.0,,,49.3,23.34,-12.14,20.83,7.2,-7.2,Claret (2011 A&A 529 75) ATLAS LS,0.0,0.0,0.1959,0.5086,q1_q17_dr25_koi,5.8538103,34.495014,43.5,2,124.0,1.0,q1_q17_dr25_tce,11111111111111111000000000000000,0.4527,Mandel and Agol (2002 ApJ 580 171),,,002/002832/002832589/dv/kplr002832589-20160209194854_dvr.pdf,002/002832/002832589/dv/kplr002832589-001-20160209194854_dvs.pdf,5251.0,158.0,-158.0,4.592,0.032,-0.097,-0.04,0.3,-0.3,0.778,0.112,-0.06,0.869,0.06,-0.095,,,,q1_q17_dr25_stellar,286.00674,38.009541,15.409,16.077,15.345,15.123,15.034,13.99,13.556,13.44,0.0,19.067138,4.7e-06,38.00927,3.9e-05,0.94,0.2,-0.97,0.14,0.00145,0.00025,5e-05,0.0002,-3.52,0.38,0.12,0.13,3.53,0.38,0.25,0.17,0.08,0.18,0.27,0.19
1878,3229150,K02150.01,,CANDIDATE,Done,2018-08-16,CANDIDATE,0.999,0,0,0,0,q1_q17_dr25_sup_koi,NO_COMMENT,18.5084526,0.0001311,-0.0001311,131.54555,0.0057,-0.0057,2454964.546,0.0057,-0.0057,0.0,,,,,,1.258,71.8,-2.217,6.596,0.249,-0.249,,,,758.9,28.7,-28.7,0.286358,71.79231,-2.208285,0.0112,35.51783,-0.01849,LS+MCMC,29.33,8.82,-2.94,0.1383,,,77.63,,,683.0,,,51.32,46.25,-14.91,5.88,2.9,-2.9,Claret (2011 A&A 529 75) ATLAS LS,0.0,0.0,0.2889,0.3511,q1_q17_dr25_koi,6.129146,22.479414,30.1,2,74.0,1.0,q1_q17_dr25_tce,11111111111111111000000000000000,0.804,Mandel and Agol (2002 ApJ 580 171),,,003/003229/003229150/dv/kplr003229150-20160209194854_dvr.pdf,003/003229/003229150/dv/kplr003229150-001-20160209194854_dvs.pdf,5942.0,176.0,-193.0,4.506,0.039,-0.208,-0.06,0.25,-0.3,0.938,0.282,-0.094,1.028,0.127,-0.14,,,,q1_q17_dr25_stellar,289.84286,38.309601,15.253,15.752,15.184,15.039,14.95,14.015,13.725,13.611,0.058,19.322859,1.1e-05,38.30944,0.00013,0.04,0.46,-0.59,0.48,3e-05,0.00034,0.00044,0.00037,0.13,0.17,-0.43,0.33,0.45,0.34,0.25,0.18,-0.15,0.34,0.29,0.27
1994,11752906,K00253.02,,CANDIDATE,Done,2018-08-16,CANDIDATE,0.993,0,0,0,0,q1_q17_dr25_sup_koi,CENT_KIC_POS,20.6180348,0.0001382,-0.0001382,145.51232,0.00464,-0.00464,2454978.512,0.00464,-0.00464,0.0,,,,,,0.155,0.314,-0.155,3.267,0.185,-0.185,,,,769.5,52.1,-52.1,0.024893,0.00144,-0.000914,5.1879,0.73126,-2.33145,LS+MCMC,1.57,0.06,-0.1,0.1228,,,89.82,,,359.0,,,3.92,0.65,-0.76,48.85,6.9,-6.9,Claret (2011 A&A 529 75) ATLAS LS,0.0,0.0,0.0767,0.6737,q1_q17_dr25_koi,4.96706,12.288935,16.3,2,50.0,2.0,q1_q17_dr25_tce,11111110111011101000000000000000,0.4026,Mandel and Agol (2002 ApJ 580 171),,,011/011752/011752906/dv/kplr011752906-20160209194854_dvr.pdf,011/011752/011752906/dv/kplr011752906-002-20160209194854_dvs.pdf,3757.0,74.0,-82.0,4.681,0.039,-0.015,0.48,0.05,-0.15,0.576,0.022,-0.036,0.581,0.029,-0.029,,,,q1_q17_dr25_stellar,285.57434,49.962269,15.254,16.625,15.335,14.667,14.261,13.089,12.399,12.29,0.0,19.038306,1.2e-05,49.9621,0.00012,0.55,0.42,-0.62,0.44,-0.00061,0.00037,-0.00091,0.00041,-0.05,0.43,1.43,0.37,1.43,0.37,-0.11,0.45,-0.58,0.37,0.59,0.35
2113,10387742,K02583.01,,CANDIDATE,Done,2018-08-16,CANDIDATE,0.998,0,0,0,0,q1_q17_dr25_sup_koi,NO_COMMENT,3.03267135,1.374e-05,-1.374e-05,134.0668,0.00381,-0.00381,2454967.067,0.00381,-0.00381,0.0,,,,,,0.238,0.232,-0.238,1.774,0.122,-0.122,,,,42.4,3.2,-3.2,0.005931,0.000327,-0.00028,4.29145,0.82743,-2.08919,LS+MCMC,0.6,0.08,-0.04,0.0405,,,88.93,,,1187.0,,,468.31,187.65,-91.73,12.78,2.5,-2.5,Claret (2011 A&A 529 75) ATLAS LS,0.0,0.0,0.2602,0.4096,q1_q17_dr25_koi,3.291521,12.880582,15.6,2,447.0,1.0,q1_q17_dr25_tce,11111111111111111000000000000000,0.9702,Mandel and Agol (2002 ApJ 580 171),,,010/010387/010387742/dv/kplr010387742-20160209194854_dvr.pdf,010/010387/010387742/dv/kplr010387742-001-20160209194854_dvs.pdf,5640.0,101.0,-113.0,4.492,0.045,-0.113,0.06,0.15,-0.15,0.921,0.131,-0.061,0.962,0.054,-0.068,,,,q1_q17_dr25_stellar,283.42911,47.59251,12.623,13.089,12.572,12.423,12.381,11.462,11.142,11.076,0.0,18.895255,2.5e-05,47.59313,0.00024,-0.71,0.9,2.22,0.86,3.3e-05,3.6e-05,-0.000104,3.5e-05,0.2,1.2,0.7,1.3,0.8,1.3,0.3,1.2,0.4,1.3,0.5,1.3
2129,9653622,K02513.01,,CANDIDATE,Done,2018-08-16,CANDIDATE,1.0,0,0,0,0,q1_q17_dr25_sup_koi,NO_COMMENT,19.0054098,6.04e-05,-6.04e-05,144.15574,0.00266,-0.00266,2454977.156,0.00266,-0.00266,0.0,,,,,,1.228,71.22,-4.989,1.843,0.152,-0.152,,,,542.4,35.0,-35.0,0.251685,71.24311,-4.980824,0.35836,191.93506,-1.44376,LS+MCMC,28.47,9.16,-3.65,0.1412,,,86.29,,,758.0,,,78.19,74.12,-26.61,18.98,9.5,-9.5,Claret (2011 A&A 529 75) ATLAS LS,0.0,0.0,0.3058,0.3071,q1_q17_dr25_koi,4.3425894,17.672268,20.2,1,73.0,1.0,q1_q17_dr25_tce,11111111111111111000000000000000,0.4701,Mandel and Agol (2002 ApJ 580 171),,,009/009653/009653622/dv/kplr009653622-20160209194854_dvr.pdf,009/009653/009653622/dv/kplr009653622-001-20160209194854_dvs.pdf,6347.0,176.0,-220.0,4.423,0.067,-0.202,-0.32,0.25,-0.35,1.036,0.333,-0.133,1.032,0.159,-0.12,,,,q1_q17_dr25_stellar,293.66885,46.37925,14.839,15.238,14.805,14.668,14.63,13.757,13.453,13.367,0.315,19.577911,2.1e-05,46.37937,0.00024,-0.5,0.77,0.45,0.87,0.00023,0.00042,-0.00032,0.00049,0.26,0.23,0.5,0.16,0.56,0.19,0.26,0.25,0.38,0.16,0.46,0.21
2282,11752906,K00253.01,,CANDIDATE,Done,2018-08-16,CANDIDATE,1.0,0,0,0,0,q1_q17_dr25_sup_koi,CENT_KIC_POS,6.383159135,6.398e-06,-6.398e-06,170.604622,0.000744,-0.000744,2455003.605,0.000744,-0.000744,0.0,,,,,,0.197,0.237,-0.197,1.7504,0.0334,-0.0334,,,,2313.2,40.8,-40.8,0.043356,0.001104,-0.000801,10.80586,1.00691,-3.02453,LS+MCMC,2.73,0.1,-0.17,0.0562,,,89.61,,,530.0,,,18.73,3.1,-3.66,28.55,2.7,-2.7,Claret (2011 A&A 529 75) ATLAS LS,0.0,0.0,0.0767,0.6737,q1_q17_dr25_koi,9.955957,55.220226,64.4,2,171.0,1.0,q1_q17_dr25_tce,11111110111011101000000000000000,0.0073,Mandel and Agol (2002 ApJ 580 171),,,011/011752/011752906/dv/kplr011752906-20160209194854_dvr.pdf,011/011752/011752906/dv/kplr011752906-001-20160209194854_dvs.pdf,3757.0,74.0,-82.0,4.681,0.039,-0.015,0.48,0.05,-0.15,0.576,0.022,-0.036,0.581,0.029,-0.029,,,,q1_q17_dr25_stellar,285.57434,49.962269,15.254,16.625,15.335,14.667,14.261,13.089,12.399,12.29,0.0,19.0382828,3e-06,49.962,3e-05,-0.25,0.11,-0.97,0.11,0.00013,0.00034,-0.00185,0.00045,-0.3,0.18,1.5,0.3,1.53,0.33,-0.361,0.092,-0.271,0.091,0.451,0.092
2364,6697605,K02851.01,,CANDIDATE,Done,2018-08-16,CANDIDATE,0.709,0,0,0,0,q1_q17_dr25_sup_koi,CENT_KIC_POS,3.42064689,1.928e-05,-1.928e-05,132.30629,0.00487,-0.00487,2454965.306,0.00487,-0.00487,0.0,,,,,,0.92,0.021,-0.63,1.767,0.118,-0.118,,,,356.8,30.4,-30.4,0.021524,0.000255,-0.004986,0.47172,6.7257,-0.17371,LS+MCMC,2.27,0.25,-0.22,0.0426,,,82.03,,,1129.0,,,382.68,118.21,-88.58,6.63,3.3,-3.3,Claret (2011 A&A 529 75) ATLAS LS,0.0,0.0,0.1914,0.5167,q1_q17_dr25_koi,3.9437602,16.792065,13.9,2,330.0,1.0,q1_q17_dr25_tce,00011111111111111000000000000000,0.5491,Mandel and Agol (2002 ApJ 580 171),,,006/006697/006697605/dv/kplr006697605-20160209194854_dvr.pdf,006/006697/006697605/dv/kplr006697605-001-20160209194854_dvs.pdf,5370.0,85.0,-75.0,4.411,0.104,-0.076,0.14,0.15,-0.15,0.966,0.105,-0.095,0.877,0.064,-0.037,,,,q1_q17_dr25_stellar,293.56635,42.13258,15.472,16.117,15.397,15.196,15.088,14.068,13.67,13.556,0.0,19.5710968,4.1e-06,42.131915,6.9e-05,0.32,0.16,-2.39,0.25,4.5e-05,6.6e-05,-0.00025,9.8e-05,0.19,0.49,2.16,0.9,2.17,0.9,0.76,0.3,-3.13,0.87,3.22,0.84
2559,7202957,K02687.01,,CANDIDATE,Done,2018-08-16,CANDIDATE,1.0,0,0,0,0,q1_q17_dr25_sup_koi,CENT_SATURATED,1.716828304,9.408e-06,-9.408e-06,132.03204,0.00439,-0.00439,2454965.032,0.00439,-0.00439,0.0,,,,,,0.7,0.276,-0.475,2.068,0.132,-0.132,,,,59.5,5.0,-5.0,0.007546,0.001951,-0.000514,0.65299,1.17562,-0.61348,LS+MCMC,0.74,0.12,-0.03,0.028,,,81.38,,,1455.0,,,1056.84,452.51,-186.21,4.67,2.1,-2.1,Claret (2011 A&A 529 75) ATLAS LS,0.0,0.0,0.2676,0.3928,q1_q17_dr25_koi,13.045183,49.99458,14.2,2,782.0,1.0,q1_q17_dr25_tce,11111111111111111000000000000000,0.4906,Mandel and Agol (2002 ApJ 580 171),,,007/007202/007202957/dv/kplr007202957-20160209194854_dvr.pdf,007/007202/007202957/dv/kplr007202957-001-20160209194854_dvs.pdf,5808.0,105.0,-128.0,4.522,0.03,-0.12,-0.06,0.15,-0.15,0.902,0.138,-0.046,0.987,0.049,-0.078,,,,q1_q17_dr25_stellar,292.61511,42.764252,10.158,10.588,10.079,9.973,9.932,9.052,8.761,8.693,,19.5076428,5.8e-06,42.764669,7.4e-05,-1.27,0.23,1.51,0.27,,,,,-1.86,0.64,1.48,0.78,2.38,0.89,-2.9,0.77,1.93,0.76,3.48,0.93
2724,11618601,K03022.02,,CANDIDATE,Done,2018-08-16,CANDIDATE,0.972,0,0,0,0,q1_q17_dr25_sup_koi,NO_COMMENT,5.05368985,5.076e-05,-5.076e-05,135.11296,0.00864,-0.00864,2454968.113,0.00864,-0.00864,0.0,,,,,,0.53,0.428,-0.314,2.514,0.219,-0.219,,,,171.5,17.6,-17.6,0.012312,0.000589,-0.000882,1.72975,2.02661,-0.33279,LS+MCMC,1.21,0.37,-0.11,0.0576,,,87.71,,,1007.0,,,243.06,217.63,-66.98,13.27,5.2,-5.2,Claret (2011 A&A 529 75) ATLAS LS,0.0,0.0,0.2622,0.4035,q1_q17_dr25_koi,3.4194903,10.617677,11.5,2,255.0,2.0,q1_q17_dr25_tce,11111111111111111000000000000000,0.8574,Mandel and Agol (2002 ApJ 580 171),,,011/011618/011618601/dv/kplr011618601-20160209194854_dvr.pdf,011/011618/011618601/dv/kplr011618601-002-20160209194854_dvs.pdf,5772.0,156.0,-173.0,4.528,0.038,-0.212,0.0,0.25,-0.3,0.901,0.275,-0.086,0.999,0.114,-0.125,,,,q1_q17_dr25_stellar,295.58649,49.666851,15.4,15.943,15.33,15.167,15.071,14.078,13.761,13.648,0.622,19.705749,3.4e-05,49.66713,0.00028,-0.6,1.2,1.0,1.0,-0.0001,0.00021,-8e-05,0.00018,-0.29,0.6,-0.15,0.49,0.33,0.59,-0.44,0.55,0.2,0.49,0.49,0.55
2738,8008067,K00316.03,,CANDIDATE,Done,2018-08-16,CANDIDATE,1.0,0,0,0,0,q1_q17_dr25_sup_koi,CENT_KIC_POS,7.305706326,8.191e-06,-8.191e-06,131.77905,0.000945,-0.000945,2454964.779,0.000945,-0.000945,0.0,,,,,,0.826,0.069,-0.575,1.4228,0.0284,-0.0284,,,,264.9,6.9,-6.9,0.016939,7.7e-05,-0.002033,4.46699,16.10793,-0.15646,LS+MCMC,2.11,0.33,-0.25,0.0744,,,87.97,,,972.0,,,210.72,89.48,-60.72,23.3,10.5,-10.5,Claret (2011 A&A 529 75) ATLAS LS,0.0,0.0,0.2193,0.4785,q1_q17_dr25_koi,6.2199183,33.300167,43.6,3,173.0,3.0,q1_q17_dr25_tce,11111111111111111000000000000000,0.9178,Mandel and Agol (2002 ApJ 580 171),,,008/008008/008008067/dv/kplr008008067-20160209194854_dvr.pdf,008/008008/008008067/dv/kplr008008067-003-20160209194854_dvs.pdf,5620.0,100.0,-112.0,4.333,0.115,-0.115,0.34,0.1,-0.15,1.143,0.174,-0.139,1.025,0.063,-0.063,,,,q1_q17_dr25_stellar,282.39194,43.889351,12.701,13.186,12.631,12.494,12.455,11.53,11.222,11.167,0.0,18.82613,5.1e-06,43.888921,7.5e-05,0.0,0.2,-1.55,0.27,-7.6e-05,4.9e-05,-0.000358,6.7e-05,0.34,0.28,2.4,1.0,2.4,1.0,-0.15,0.17,0.33,0.19,0.36,0.18
2852,8827575,K03052.02,,CANDIDATE,Done,2018-08-16,CANDIDATE,0.87,0,0,0,0,q1_q17_dr25_sup_koi,NO_COMMENT,15.6112238,0.0001275,-0.0001275,144.8735,0.00729,-0.00729,2454977.874,0.00729,-0.00729,0.0,,,,,,0.468,0.489,-0.26,3.873,0.209,-0.209,,,,113.5,8.1,-8.1,0.009854,0.000226,-0.00072,1.62557,0.78849,-0.49768,LS+MCMC,0.91,0.09,-0.05,0.1169,,,89.03,,,637.0,,,38.99,12.02,-6.76,27.6,13.4,-13.4,Claret (2011 A&A 529 75) ATLAS LS,0.0,0.0,0.2327,0.4526,q1_q17_dr25_koi,3.8615165,11.277081,15.7,2,87.0,2.0,q1_q17_dr25_tce,11111111111111111000000000000000,0.051,Mandel and Agol (2002 ApJ 580 171),,,008/008827/008827575/dv/kplr008827575-20160209194854_dvr.pdf,008/008827/008827575/dv/kplr008827575-002-20160209194854_dvs.pdf,5383.0,107.0,-107.0,4.528,0.042,-0.078,0.0,0.15,-0.15,0.842,0.084,-0.045,0.874,0.048,-0.054,,,,q1_q17_dr25_stellar,295.09027,45.081181,13.573,14.151,13.516,13.325,13.239,12.262,11.849,11.767,0.008,19.672723,1.9e-05,45.08101,0.00033,1.44,0.72,-0.6,1.2,-0.000181,7.4e-05,-4e-05,0.00012,-0.3,2.2,0.8,2.4,0.8,2.7,-0.3,2.3,0.5,2.2,0.6,2.7
2879,1717722,K03145.01,,CANDIDATE,Done,2018-08-16,CANDIDATE,1.0,0,0,0,0,q1_q17_dr25_sup_koi,CENT_FEW_MEAS,4.53702121,2.498e-05,-2.498e-05,132.1846,0.00446,-0.00446,2454965.185,0.00446,-0.00446,0.0,,,,,,0.706,0.058,-0.491,1.813,0.124,-0.124,,,,504.4,36.5,-36.5,0.022053,0.005258,-0.002031,2.61043,4.63396,-2.2154,LS+MCMC,1.66,0.19,-0.11,0.0486,,,87.14,,,798.0,,,95.61,38.11,-21.67,14.16,6.3,-6.3,Claret (2011 A&A 529 75) ATLAS LS,0.0,0.0,0.1142,0.6188,q1_q17_dr25_koi,3.6556718,13.821158,15.7,2,286.0,2.0,q1_q17_dr25_tce,01111111111111111000000000000000,0.3643,Mandel and Agol (2002 ApJ 580 171),,,001/001717/001717722/dv/kplr001717722-20160209194854_dvr.pdf,001/001717/001717722/dv/kplr001717722-002-20160209194854_dvs.pdf,4805.0,144.0,-144.0,4.633,0.027,-0.059,-0.06,0.3,-0.3,0.688,0.079,-0.045,0.769,0.053,-0.079,,,,q1_q17_dr25_stellar,290.61798,37.289089,15.689,16.554,15.617,15.319,15.128,14.058,13.46,13.358,0.009,19.374509,1e-05,37.28912,0.00014,-0.95,0.44,0.12,0.5,2e-05,0.00022,0.00038,0.00025,1.37,0.44,-2.8,0.46,3.11,0.54,0.16,0.29,0.2,0.43,0.25,0.38
2893,4857058,K03061.01,,CANDIDATE,Done,2018-08-16,CANDIDATE,0.981,0,0,0,0,q1_q17_dr25_sup_koi,NO_COMMENT,7.32851947,2.311e-05,-2.311e-05,132.12857,0.00248,-0.00248,2454965.129,0.00248,-0.00248,0.0,,,,,,0.983,0.079,-0.771,1.211,0.114,-0.114,,,,277.8,27.6,-27.6,0.024449,0.044019,-0.008477,0.83126,91.31004,-0.33412,LS+MCMC,2.33,0.13,-0.18,0.0689,,,85.76,,,807.0,,,100.13,18.77,-20.11,13.31,6.6,-6.6,Claret (2011 A&A 529 75) ATLAS LS,0.0,0.0,0.1914,0.5167,q1_q17_dr25_koi,3.504757,11.371243,14.0,2,182.0,1.0,q1_q17_dr25_tce,11111111111111111000000000000000,0.8991,Mandel and Agol (2002 ApJ 580 171),,,004/004857/004857058/dv/kplr004857058-20160209194854_dvr.pdf,004/004857/004857058/dv/kplr004857058-001-20160209194854_dvs.pdf,5135.0,84.0,-76.0,4.464,0.084,-0.039,0.12,0.15,-0.15,0.874,0.048,-0.069,0.812,0.058,-0.029,,,,q1_q17_dr25_stellar,297.04208,39.912231,14.316,15.062,14.252,13.997,13.863,12.852,12.359,12.232,0.052,19.802835,2.1e-05,39.91228,0.00025,1.23,0.85,0.2,0.9,-0.00029,0.0002,-0.00017,0.00021,0.54,0.52,-0.48,0.39,0.72,0.49,0.4,0.58,-0.63,0.38,0.74,0.48
2985,6677841,K01236.04,,CANDIDATE,Done,2018-08-16,CANDIDATE,0.94,0,0,0,0,q1_q17_dr25_sup_koi,NO_COMMENT,98.353149,0.001793,-0.001793,217.883,0.0139,-0.0139,2455050.883,0.0139,-0.0139,0.0,,,,,,0.906,0.029,-0.623,24.708,0.658,-0.658,,,,423.0,14.4,-14.4,0.022291,0.003546,-0.003067,0.00587,0.05281,-0.00468,LS+MCMC,4.13,0.69,-0.92,0.439,,,86.4,,,552.0,,,21.96,10.24,-9.67,14.43,7.2,-7.2,Claret (2011 A&A 529 75) ATLAS LS,0.0,0.0,0.3023,0.3153,q1_q17_dr25_koi,5.5841603,9.5724945,30.5,4,12.0,3.0,q1_q17_dr25_tce,11111111111111111000000000000000,0.0261,Mandel and Agol (2002 ApJ 580 171),,,006/006677/006677841/dv/kplr006677841-20160209194854_dvr.pdf,006/006677/006677841/dv/kplr006677841-003-20160209194854_dvs.pdf,6366.0,116.0,-116.0,4.045,0.196,-0.098,-0.2,0.15,-0.15,1.697,0.285,-0.38,1.164,0.134,-0.11,,,,q1_q17_dr25_stellar,287.3912,42.194832,13.659,13.869,13.589,13.518,13.523,12.724,12.509,12.509,0.002,19.159411,8.7e-06,42.19467,0.00018,-0.14,0.35,-0.57,0.66,-2e-05,0.00014,-0.0005,0.00026,0.09,0.24,-0.07,0.21,0.12,0.23,0.21,0.24,-0.08,0.2,0.22,0.23
2992,8162789,K00521.01,,CANDIDATE,Done,2018-08-16,CANDIDATE,1.0,0,0,0,0,q1_q17_dr25_sup_koi,CENT_KIC_POS,10.161023528,9.176e-06,-9.176e-06,172.000736,0.000741,-0.000741,2455005.001,0.000741,-0.000741,0.0,,,,,,0.716,0.053,-0.501,3.1627,0.0546,-0.0546,,,,1653.9,16.7,-16.7,0.039948,0.002442,-0.002451,1.1647,1.61425,-0.40672,LS+MCMC,4.62,1.37,-0.73,0.0918,,,87.78,,,904.0,,,157.97,141.44,-62.35,18.52,8.6,-8.6,Claret (2011 A&A 529 75) ATLAS LS,0.0,0.0,0.2889,0.3511,q1_q17_dr25_koi,13.335645,101.96851,111.1,2,133.0,1.0,q1_q17_dr25_tce,11111111111111111000000000000000,0.5831,Mandel and Agol (2002 ApJ 580 171),,,008/008162/008162789/dv/kplr008162789-20160209194854_dvr.pdf,008/008162/008162789/dv/kplr008162789-001-20160209194854_dvs.pdf,6032.0,189.0,-232.0,4.387,0.108,-0.201,-0.14,0.3,-0.3,1.06,0.312,-0.168,0.999,0.153,-0.126,,,,q1_q17_dr25_stellar,290.73517,44.09132,14.633,,14.578,14.463,14.437,13.559,12.893,13.193,0.0,19.3823887,1.9e-06,44.09113,1.5e-05,1.735,0.073,-0.686,0.053,0.00167,0.00014,-0.00058,0.00013,-3.09,0.62,1.8,0.11,3.58,0.54,0.052,0.071,-0.099,0.094,0.111,0.09
3029,10189546,K00427.01,,CANDIDATE,Done,2018-08-16,CANDIDATE,1.0,0,0,0,0,q1_q17_dr25_sup_koi,CENT_KIC_POS,24.61480613,3.227e-05,-3.227e-05,191.741225,0.000999,-0.000999,2455024.741,0.000999,-0.000999,0.0,,,,,,0.435,0.268,-0.297,2.6602,0.0407,-0.0407,,,,1798.0,28.8,-28.8,0.038975,0.00502,-0.00086,9.26987,4.00476,-0.05374,LS+MCMC,4.2,0.45,-0.5,0.1575,,,89.63,,,586.0,,,27.93,8.48,-7.5,66.7,28.8,-28.8,Claret (2011 A&A 529 75) ATLAS LS,0.0,0.0,0.186,0.5256,q1_q17_dr25_koi,12.261243,53.934418,68.4,3,54.0,1.0,q1_q17_dr25_tce,11111111111111111000000000000000,0.1465,Mandel and Agol (2002 ApJ 580 171),,,010/010189/010189546/dv/kplr010189546-20160209194854_dvr.pdf,010/010189/010189546/dv/kplr010189546-001-20160209194854_dvs.pdf,5312.0,79.0,-79.0,4.384,0.137,-0.074,0.16,0.15,-0.15,0.986,0.107,-0.117,0.859,0.06,-0.033,,,,q1_q17_dr25_stellar,283.0228,47.261131,14.621,15.209,14.571,14.37,14.301,13.303,12.903,12.826,0.0,18.8681755,2.7e-06,47.26093,3.5e-05,-0.384,0.098,-0.72,0.12,-0.00092,0.00022,-0.00241,0.0003,0.59,0.12,1.6,0.24,1.7,0.23,0.05,0.1,0.2,0.11,0.2,0.1
3056,7303287,K01353.03,,CANDIDATE,Done,2018-08-16,CANDIDATE,0.343,0,0,0,0,q1_q17_dr25_sup_koi,NO_COMMENT,330.071558,0.006272,-0.006272,340.9871,0.0109,-0.0109,2455173.987,0.0109,-0.0109,0.0,,,,,,0.681,0.048,-0.491,4.295,0.398,-0.398,,,,616.7,66.0,-66.0,0.024125,0.009852,-0.001664,15.69401,32.25853,-0.05757,LS+MCMC,2.94,0.46,-0.38,0.9342,,,89.91,,,286.0,,,1.58,0.69,-0.47,449.0,184.0,-184.0,Claret (2011 A&A 529 75) ATLAS LS,0.0,0.0,0.2889,0.3511,q1_q17_dr25_koi,6.0861735,8.542428,10.6,3,4.0,3.0,q1_q17_dr25_tce,11111111111111111000000000000000,0.8317,Mandel and Agol (2002 ApJ 580 171),,,007/007303/007303287/dv/kplr007303287-20160209194854_dvr.pdf,007/007303/007303287/dv/kplr007303287-003-20160209194854_dvs.pdf,5933.0,107.0,-119.0,4.342,0.115,-0.115,-0.06,0.15,-0.15,1.115,0.174,-0.142,0.998,0.081,-0.066,,,,q1_q17_dr25_stellar,297.46533,42.882839,13.956,14.403,13.921,13.764,13.691,12.861,12.596,12.508,0.296,19.831039,2.2e-05,42.883,0.00024,0.64,0.88,0.59,0.85,-0.00048,0.00072,-0.00041,0.00075,0.07,0.21,-0.29,0.22,0.3,0.22,0.14,0.21,-0.26,0.22,0.29,0.21
3190,10973664,K00601.02,,CANDIDATE,Done,2018-08-16,CANDIDATE,1.0,0,0,0,0,q1_q17_dr25_sup_koi,NO_COMMENT,11.67894236,2.452e-05,-2.452e-05,131.5119,0.00177,-0.00177,2454964.512,0.00177,-0.00177,0.0,,,,,,0.94,0.015,-0.712,1.2641,0.0515,-0.0515,,,,1185.1,63.8,-63.8,0.039589,0.000357,-0.007907,4.27728,88.50127,-0.25285,LS+MCMC,4.17,1.31,-0.44,0.1021,,,88.28,,,830.0,,,112.07,103.8,-32.9,31.4,15.4,-15.4,Claret (2011 A&A 529 75) ATLAS LS,0.0,0.0,0.2916,0.3447,q1_q17_dr25_koi,7.5244584,42.963585,23.1,3,108.0,2.0,q1_q17_dr25_tce,11111111111111111000000000000000,0.3134,Mandel and Agol (2002 ApJ 580 171),,,010/010973/010973664/dv/kplr010973664-20160209194854_dvr.pdf,010/010973/010973664/dv/kplr010973664-002-20160209194854_dvs.pdf,6122.0,169.0,-190.0,4.487,0.052,-0.208,-0.18,0.25,-0.35,0.964,0.303,-0.101,1.041,0.139,-0.139,,,,q1_q17_dr25_stellar,290.84906,48.416012,14.697,15.122,14.643,14.515,14.45,13.579,13.263,13.291,0.285,19.3899348,6.3e-06,48.415975,6e-05,-0.09,0.23,-0.13,0.22,6e-05,0.00033,0.00023,0.00038,0.0,0.12,0.0,0.14,0.0,0.12,0.08,0.11,0.06,0.15,0.1,0.12
3347,10460984,K00474.03,,CANDIDATE,Done,2018-08-16,CANDIDATE,1.0,0,0,0,0,q1_q17_dr25_sup_koi,NO_COMMENT,94.886902,0.001216,-0.001216,214.82879,0.00659,-0.00659,2455047.829,0.00659,-0.00659,0.0,,,,,,0.982,40.04,-0.023,6.923,0.333,-0.333,,,,641.7,29.6,-29.6,0.035401,40.01582,-0.007261,0.08569,4.58506,-0.06561,LS+MCMC,4.24,0.69,-0.56,0.4025,,,88.37,,,429.0,,,7.99,3.62,-2.45,34.4,17.1,-17.1,Claret (2011 A&A 529 75) ATLAS LS,0.0,0.0,0.2889,0.3511,q1_q17_dr25_koi,9.917136,19.497467,25.5,4,14.0,3.0,q1_q17_dr25_tce,11111111111111111000000000000000,0.413,Mandel and Agol (2002 ApJ 580 171),,,010/010460/010460984/dv/kplr010460984-20160209194854_dvr.pdf,010/010460/010460984/dv/kplr010460984-003-20160209194854_dvs.pdf,5888.0,106.0,-117.0,4.342,0.115,-0.115,-0.1,0.15,-0.15,1.097,0.179,-0.146,0.966,0.075,-0.068,,,,q1_q17_dr25_stellar,287.78085,47.62991,14.282,14.634,14.224,14.131,14.088,13.254,13.008,12.935,0.832,19.185386,1.4e-05,47.6299,0.00013,-0.1,0.5,-0.04,0.46,0.0,0.00039,-0.00011,0.00042,-0.05,0.17,0.23,0.21,0.23,0.21,-0.19,0.22,0.1,0.23,0.22,0.18
3416,10265898,K00732.03,,CANDIDATE,Done,2018-08-16,CANDIDATE,0.992,0,0,0,0,q1_q17_dr25_sup_koi,CENT_FEW_DIFFS,5.25449393,5.613e-05,-5.613e-05,132.55624,0.00796,-0.00796,2454965.556,0.00796,-0.00796,0.0,,,,,,0.837,0.108,-0.597,3.078,0.197,-0.197,,,,169.0,14.6,-14.6,0.013572,0.002167,-0.001976,0.29085,1.32126,-0.23589,LS+MCMC,1.41,0.38,-0.11,0.0602,,,83.61,,,975.0,,,213.25,170.17,-56.37,7.52,3.4,-3.4,Claret (2011 A&A 529 75) ATLAS LS,0.0,0.0,0.2111,0.4955,q1_q17_dr25_koi,3.538901,10.598249,12.6,3,241.0,2.0,q1_q17_dr25_tce,11111111111111111000000000000000,0.6144,Mandel and Agol (2002 ApJ 580 171),,,010/010265/010265898/dv/kplr010265898-20160209194854_dvr.pdf,010/010265/010265898/dv/kplr010265898-002-20160209194854_dvs.pdf,5550.0,166.0,-183.0,4.5,0.046,-0.184,0.46,0.05,-0.3,0.954,0.252,-0.079,1.05,0.075,-0.113,,,,q1_q17_dr25_stellar,288.32791,47.381592,15.342,15.969,15.255,15.073,14.978,14.054,13.616,13.503,0.218,19.221847,3.1e-05,47.38182,0.0003,-0.5,1.2,0.8,1.1,8e-05,0.00021,-0.00018,0.0002,0.7,1.8,2.75,0.78,2.8,1.1,0.7,1.6,2.54,0.8,2.6,1.0
3468,8456679,K00102.01,,CANDIDATE,Done,2018-08-16,CANDIDATE,1.0,0,0,0,0,q1_q17_dr25_sup_koi,CENT_KIC_POS,1.73513619,2.82e-07,-2.82e-07,135.060047,0.000136,-0.000136,2454968.06,0.000136,-0.000136,0.0,,,,,,0.045,0.192,-0.045,2.2741,0.00554,-0.00554,,,,952.6,2.3,-2.3,0.027957,0.000181,-6.5e-05,1.36796,0.00537,-0.2376,LS+MCMC,3.27,0.54,-0.33,0.0286,,,89.57,,,1554.0,,,1372.87,628.45,-350.48,6.0158,0.0236,-0.0236,Claret (2011 A&A 529 75) ATLAS LS,0.0,0.0,0.2555,0.4191,q1_q17_dr25_koi,25.635942,432.8909,473.2,2,772.0,1.0,q1_q17_dr25_tce,11111111111111111000000000000000,1.0,Mandel and Agol (2002 ApJ 580 171),,,008/008456/008456679/dv/kplr008456679-20160209194854_dvr.pdf,008/008456/008456679/dv/kplr008456679-001-20160209194854_dvs.pdf,5751.0,103.0,-114.0,4.391,0.08,-0.12,0.21,0.15,-0.15,1.071,0.177,-0.109,1.028,0.074,-0.067,,,,q1_q17_dr25_stellar,299.70474,44.435749,12.566,12.991,12.576,12.384,12.357,11.398,11.124,11.055,0.0,19.9803178,1e-06,44.435397,1.6e-05,0.042,0.039,-1.27,0.057,0.00014,3.7e-05,-0.001065,5.4e-05,-0.37,0.31,2.24,0.7,2.27,0.69,0.03,0.071,-0.065,0.078,0.072,0.074
3493,8456679,K00102.02,,CANDIDATE,Done,2018-08-16,CANDIDATE,0.491,0,0,0,0,q1_q17_dr25_sup_koi,CENT_RESOLVED_OFFSET,4.06844957,1.212e-05,-1.212e-05,132.27614,0.00255,-0.00255,2454965.276,0.00255,-0.00255,0.0,,,,,,0.55,0.377,-0.337,2.8349,0.069,-0.069,,,,79.8,3.0,-3.0,0.008409,0.001765,-0.000294,0.91819,0.56409,-0.72464,LS+MCMC,0.98,0.17,-0.1,0.0504,,,86.61,,,1170.0,,,442.08,202.37,-112.86,9.3,2.9,-2.9,Claret (2011 A&A 529 75) ATLAS LS,0.0,0.0,0.2555,0.4191,q1_q17_dr25_koi,4.064283,22.478708,29.3,2,292.0,2.0,q1_q17_dr25_tce,11111111111111111000000000000000,0.791,Mandel and Agol (2002 ApJ 580 171),,,008/008456/008456679/dv/kplr008456679-20160209194854_dvr.pdf,008/008456/008456679/dv/kplr008456679-002-20160209194854_dvs.pdf,5751.0,103.0,-114.0,4.391,0.08,-0.12,0.21,0.15,-0.15,1.071,0.177,-0.109,1.028,0.074,-0.067,,,,q1_q17_dr25_stellar,299.70474,44.435749,12.566,12.991,12.576,12.384,12.357,11.398,11.124,11.055,0.371,19.98032,1.7e-05,44.4353,0.00029,0.14,0.66,-1.6,1.0,4e-06,5.3e-05,-6.4e-05,8.3e-05,,,,,,,0.88,0.41,-1.83,0.39,2.03,0.4
3687,4548098,K04157.01,,CANDIDATE,Done,2018-08-16,CANDIDATE,0.998,0,0,0,0,q1_q17_dr25_sup_koi,NO_COMMENT,3.82315697,4.481e-05,-4.481e-05,133.06936,0.00971,-0.00971,2454966.069,0.00971,-0.00971,0.0,,,,,,0.064,0.391,-0.064,2.388,0.31,-0.31,,,,47.2,6.6,-6.6,0.006294,0.000634,-0.000341,2.40673,0.9143,-2.37514,LS+MCMC,0.77,0.14,-0.04,0.0511,,,89.7,,,1282.0,,,638.38,312.98,-117.51,12.3,4.7,-4.7,Claret (2011 A&A 529 75) ATLAS LS,0.0,0.0,0.3022,0.3344,q1_q17_dr25_koi,4.30282,13.399375,8.9,2,352.0,1.0,q1_q17_dr25_tce,11111111111111111000000000000000,0.7307,Mandel and Agol (2002 ApJ 580 171),,,004/004548/004548098/dv/kplr004548098-20160209194854_dvr.pdf,004/004548/004548098/dv/kplr004548098-001-20160209194854_dvs.pdf,6202.0,99.0,-149.0,4.422,0.026,-0.136,0.21,0.15,-0.15,1.122,0.205,-0.058,1.213,0.076,-0.093,,,,q1_q17_dr25_stellar,287.41006,39.65868,12.692,12.965,12.624,12.575,12.576,11.727,11.527,11.473,0.022,19.160689,1.6e-05,39.65881,0.00018,0.77,0.65,0.49,0.66,-4.2e-05,3e-05,-3.1e-05,3.1e-05,-0.46,0.33,0.28,0.29,0.54,0.37,-0.55,0.37,0.15,0.3,0.57,0.4
3716,4458082,K02303.02,,CANDIDATE,Done,2018-08-16,CANDIDATE,1.0,0,0,0,0,q1_q17_dr25_sup_koi,NO_COMMENT,8.93484887,9.707e-05,-9.707e-05,133.39108,0.00932,-0.00932,2454966.391,0.00932,-0.00932,0.0,,,,,,0.888,0.096,-0.667,2.579,0.259,-0.259,,,,135.9,16.5,-16.5,0.012415,0.003707,-0.0018,0.50724,5.47852,-0.45433,LS+MCMC,1.83,0.64,-0.23,0.0928,,,86.05,,,1124.0,,,377.25,391.78,-134.24,12.89,6.3,-6.3,Claret (2011 A&A 529 75) ATLAS LS,0.0,0.0,0.3272,0.2758,q1_q17_dr25_koi,3.753287,12.093221,9.7,2,134.0,2.0,q1_q17_dr25_tce,01111111111111111000000000000000,0.5232,Mandel and Agol (2002 ApJ 580 171),,,004/004458/004458082/dv/kplr004458082-20160209194854_dvr.pdf,004/004458/004458082/dv/kplr004458082-002-20160209194854_dvs.pdf,6688.0,187.0,-281.0,4.304,0.075,-0.225,0.07,0.25,-0.35,1.347,0.473,-0.169,1.336,0.2,-0.2,,,,q1_q17_dr25_stellar,289.74731,39.523453,13.827,14.098,13.766,13.71,,12.606,12.385,12.363,,19.316483,1.4e-05,39.52356,0.00016,-0.17,0.59,0.39,0.58,,,-6.2e-05,7.4e-05,0.33,0.6,-0.51,0.59,0.61,0.48,0.37,0.57,-0.6,0.57,0.7,0.43
3728,5942808,K02250.02,,CANDIDATE,Done,2018-08-16,CANDIDATE,1.0,0,0,0,0,q1_q17_dr25_sup_koi,CENT_KIC_POS,0.626281766,1.041e-06,-1.041e-06,131.90594,0.00151,-0.00151,2454964.906,0.00151,-0.00151,0.0,,,,,,0.553,0.039,-0.467,1.1812,0.0404,-0.0404,,,,433.1,16.5,-16.5,0.019583,0.007879,-0.000879,2.15267,1.1995,-1.81099,LS+MCMC,1.76,0.13,-0.18,0.0133,,,81.02,,,1711.0,,,2011.27,650.7,-604.94,3.547,0.988,-0.988,Claret (2011 A&A 529 75) ATLAS LS,0.0,0.0,0.1451,0.582,q1_q17_dr25_koi,4.084274,23.554861,31.0,2,1264.0,2.0,q1_q17_dr25_tce,00010111011101110000000000000000,0.563,Mandel and Agol (2002 ApJ 580 171),,,005/005942/005942808/dv/kplr005942808-20160209194854_dvr.pdf,005/005942/005942808/dv/kplr005942808-002-20160209194854_dvs.pdf,4922.0,169.0,-169.0,4.505,0.084,-0.056,0.2,0.2,-0.3,0.823,0.062,-0.085,0.79,0.073,-0.054,,,,q1_q17_dr25_stellar,285.21667,41.282429,15.622,16.48,15.55,15.255,15.122,14.011,13.482,13.393,0.0,19.0144336,8.5e-06,41.28238,8.1e-05,-0.5,0.35,-0.18,0.29,-0.00045,0.00015,0.00014,0.00013,1.22,0.35,0.23,0.21,1.24,0.35,0.05,0.16,0.14,0.2,0.15,0.19
3763,9071593,K02257.02,,CANDIDATE,Done,2018-08-16,CANDIDATE,0.514,0,0,0,0,q1_q17_dr25_sup_koi,CENT_KIC_POS,59.284064,0.0006992,-0.0006992,148.75407,0.00818,-0.00818,2454981.754,0.00818,-0.00818,0.0,,,,,,0.556,0.384,-0.346,5.42,0.311,-0.311,,,,424.4,35.7,-35.7,0.0193,0.000286,-0.001774,1.95609,1.80864,-0.13396,LS+MCMC,1.81,0.13,-0.11,0.2832,,,89.55,,,401.0,,,6.14,1.39,-1.01,71.4,33.0,-33.0,Claret (2011 A&A 529 75) ATLAS LS,0.0,0.0,0.1914,0.5167,q1_q17_dr25_koi,3.9195364,10.66435,13.1,2,24.0,2.0,q1_q17_dr25_tce,11111111111111111000000000000000,0.4551,Mandel and Agol (2002 ApJ 580 171),,,009/009071/009071593/dv/kplr009071593-20160209194854_dvr.pdf,009/009071/009071593/dv/kplr009071593-002-20160209194854_dvs.pdf,5225.0,83.0,-73.0,4.505,0.054,-0.054,0.14,0.15,-0.15,0.859,0.063,-0.051,0.861,0.05,-0.041,,,,q1_q17_dr25_stellar,283.29214,45.434109,15.48,16.035,15.415,15.241,15.16,14.178,13.76,13.753,0.002,18.886129,3.3e-05,45.43337,0.00032,-0.5,1.3,-2.7,1.1,0.0001,0.00047,0.00088,0.00043,-0.03,0.5,-0.85,0.47,0.85,0.47,-0.32,0.48,-1.11,0.46,1.16,0.46
4068,9896018,K02579.02,,CANDIDATE,Done,2018-08-16,CANDIDATE,0.98,0,0,0,0,q1_q17_dr25_sup_koi,NO_COMMENT,3.59645081,3.644e-05,-3.644e-05,132.77209,0.00761,-0.00761,2454965.772,0.00761,-0.00761,0.0,,,,,,0.781,0.176,-0.545,2.661,0.213,-0.213,,,,149.6,11.1,-11.1,0.012319,0.002505,-0.001273,0.44132,1.3317,-0.11806,LS+MCMC,1.66,0.29,-0.23,0.0473,,,83.31,,,1327.0,,,732.82,323.35,-221.37,6.71,2.9,-2.9,Claret (2011 A&A 529 75) ATLAS LS,0.0,0.0,0.2826,0.3729,q1_q17_dr25_koi,3.296124,12.747314,16.2,3,335.0,2.0,q1_q17_dr25_tce,11111111111111111000000000000000,0.7337,Mandel and Agol (2002 ApJ 580 171),,,009/009896/009896018/dv/kplr009896018-20160209194854_dvr.pdf,009/009896/009896018/dv/kplr009896018-002-20160209194854_dvs.pdf,5887.0,70.0,-79.0,4.292,0.12,-0.12,0.16,0.15,-0.15,1.235,0.213,-0.175,1.09,0.07,-0.078,,,,q1_q17_dr25_stellar,293.98871,46.718021,15.147,15.605,15.11,14.951,14.887,13.994,13.71,13.714,0.882,19.599245,2.1e-05,46.71812,0.00023,-0.07,0.79,0.35,0.82,0.0,0.00012,-3e-05,0.00012,0.51,0.2,0.15,0.45,0.53,0.28,0.45,0.18,0.25,0.44,0.51,0.31
4153,8890924,K04269.01,,CANDIDATE,Done,2018-08-16,CANDIDATE,0.998,0,0,0,0,q1_q17_dr25_sup_koi,NO_COMMENT,26.6565737,0.0002052,-0.0002052,131.59433,0.00685,-0.00685,2454964.594,0.00685,-0.00685,0.0,,,,,,0.686,0.242,-0.48,4.954,0.173,-0.173,,,,163.4,9.4,-9.4,0.012413,0.002772,-0.000981,0.76375,1.01384,-0.55007,LS+MCMC,4.15,1.28,-2.98,0.1943,,,88.72,,,903.0,,,157.45,149.44,-146.41,30.6,13.5,-13.5,Claret (2011 A&A 529 75) ATLAS LS,0.0,0.0,0.2079,0.4949,q1_q17_dr25_koi,4.2997546,11.714887,18.8,2,53.0,1.0,q1_q17_dr25_tce,11111111111111111000000000000000,0.1826,Mandel and Agol (2002 ApJ 580 171),,,008/008890/008890924/dv/kplr008890924-20160209194854_dvr.pdf,008/008890/008890924/dv/kplr008890924-001-20160209194854_dvs.pdf,5159.0,171.0,-155.0,3.604,0.863,-0.23,-0.04,0.3,-0.3,3.062,0.943,-2.2,1.373,0.205,-0.512,,,,q1_q17_dr25_stellar,293.79684,45.160728,13.263,14.01,13.204,12.943,12.773,11.718,11.249,11.136,0.015,19.586492,1.5e-05,45.16067,0.00018,1.36,0.56,-0.21,0.64,-0.00019,8.9e-05,4e-05,0.0001,0.13,0.41,-0.23,0.26,0.26,0.25,0.12,0.39,-0.15,0.27,0.19,0.28
4297,9100953,K04500.02,,CANDIDATE,Done,2018-08-16,CANDIDATE,1.0,0,0,0,0,q1_q17_dr25_sup_koi,NO_COMMENT,44.9851885,0.0004873,-0.0004873,150.5703,0.0111,-0.0111,2454983.57,0.0111,-0.0111,0.0,,,,,,0.664,0.273,-0.433,4.164,0.195,-0.195,,,,617.8,51.1,-51.1,0.023975,0.005044,-0.001849,2.49277,3.02172,-2.26345,LS+MCMC,2.09,0.35,-0.21,0.2323,,,89.41,,,433.0,,,8.34,4.68,-2.51,64.4,26.0,-26.0,Claret (2011 A&A 529 75) ATLAS LS,0.0,0.0,0.2043,0.4966,q1_q17_dr25_koi,4.3836584,10.686714,12.7,3,26.0,2.0,q1_q17_dr25_tce,00011111111111111000000000000000,0.1853,Mandel and Agol (2002 ApJ 580 171),,,009/009100/009100953/dv/kplr009100953-20160209194854_dvr.pdf,009/009100/009100953/dv/kplr009100953-002-20160209194854_dvs.pdf,5295.0,185.0,-185.0,4.548,0.052,-0.097,-0.1,0.3,-0.3,0.8,0.133,-0.082,0.825,0.096,-0.078,,,,q1_q17_dr25_stellar,295.90503,45.40543,15.85,16.55,15.787,15.551,15.401,14.307,13.912,13.905,0.696,19.727015,3.3e-05,45.40561,0.0004,0.5,1.2,0.6,1.4,-0.00038,0.00077,-0.00029,0.0009,0.54,0.58,-0.26,0.94,0.6,0.73,0.55,0.66,0.0,0.54,0.55,0.66
4558,7983117,K03214.01,,CANDIDATE,Done,2018-08-16,CANDIDATE,1.0,0,0,0,0,q1_q17_dr25_sup_koi,NO_COMMENT,11.49500229,8.821e-05,-8.821e-05,141.27511,0.00635,-0.00635,2454974.275,0.00635,-0.00635,0.0,,,,,,0.911,0.051,-0.613,7.602,0.165,-0.165,,,,51.4,2.4,-2.4,0.007853,0.000893,-0.001283,0.01874,0.17822,-0.00379,LS+MCMC,1.53,0.3,-0.49,0.1038,,,79.67,,,1105.0,,,351.79,215.6,-207.71,5.08,2.4,-2.4,Claret (2011 A&A 529 75) ATLAS LS,0.0,0.0,0.291,0.3469,q1_q17_dr25_koi,3.60716,15.809989,22.9,2,116.0,1.0,q1_q17_dr25_tce,11111111111111111000000000000000,0.2312,Mandel and Agol (2002 ApJ 580 171),,,007/007983/007983117/dv/kplr007983117-20160209194854_dvr.pdf,007/007983/007983117/dv/kplr007983117-001-20160209194854_dvs.pdf,6033.0,183.0,-183.0,3.985,0.266,-0.114,-0.1,0.3,-0.3,1.788,0.351,-0.571,1.127,0.189,-0.172,,,,q1_q17_dr25_stellar,298.67377,43.795479,12.014,12.494,11.974,11.809,11.737,10.865,10.617,10.521,0.0,19.91158,1.9e-05,43.79589,0.00015,-0.14,0.73,1.49,0.56,1.2e-05,3.9e-05,-8.4e-05,3e-05,1.5,1.1,0.13,0.78,1.6,1.1,1.62,0.99,0.26,0.73,1.6,1.0
4761,7285757,K03271.01,,CANDIDATE,Done,2018-08-16,CANDIDATE,0.963,0,0,0,0,q1_q17_dr25_sup_koi,NO_COMMENT,19.5489666,0.0001396,-0.0001396,149.78882,0.00432,-0.00432,2454982.789,0.00432,-0.00432,0.0,,,,,,0.83,0.001,-0.585,1.78,0.181,-0.181,,,,523.8,49.7,-49.7,0.023621,0.004997,-0.003101,6.2798,27.09393,-5.708,LS+MCMC,1.89,0.35,-0.15,0.1307,,,89.05,,,579.0,,,26.62,15.5,-6.65,50.2,24.1,-24.1,Claret (2011 A&A 529 75) ATLAS LS,0.0,0.0,0.2665,0.398,q1_q17_dr25_koi,2.979324,11.059722,12.6,2,71.0,1.0,q1_q17_dr25_tce,11111111111111111000000000000000,0.7102,Mandel and Agol (2002 ApJ 580 171),,,007/007285/007285757/dv/kplr007285757-20160209194854_dvr.pdf,007/007285/007285757/dv/kplr007285757-001-20160209194854_dvs.pdf,5549.0,163.0,-163.0,4.6,0.045,-0.113,-0.54,0.3,-0.3,0.732,0.137,-0.059,0.776,0.089,-0.065,,,,q1_q17_dr25_stellar,292.95819,42.854889,15.717,16.314,15.688,15.461,15.349,14.386,13.914,13.908,0.165,19.530556,2.5e-05,42.8549,0.00029,0.4,1.0,0.0,1.0,0.00017,0.00049,0.00052,0.0005,0.2,1.2,-0.37,0.85,0.42,0.93,1.0,1.2,0.11,0.85,1.0,1.2
4905,9785921,K03372.01,,CANDIDATE,Done,2018-08-16,CANDIDATE,0.994,0,0,0,0,q1_q17_dr25_sup_koi,NO_COMMENT,26.7575866,0.0002942,-0.0002942,137.28717,0.00903,-0.00903,2454970.287,0.00903,-0.00903,0.0,,,,,,0.407,0.058,-0.407,5.858,0.278,-0.278,,,,455.3,29.8,-29.8,0.01988,0.00056,-0.001163,0.91858,0.36693,-0.2364,LS+MCMC,2.28,0.72,-0.28,0.1815,,,89.29,,,660.0,,,44.86,42.94,-15.99,32.6,13.0,-13.0,Claret (2011 A&A 529 75) ATLAS LS,0.0,0.0,0.302,0.319,q1_q17_dr25_koi,3.9135206,11.109822,17.7,2,32.0,1.0,q1_q17_dr25_tce,00011101110111011000000000000000,0.9448,Mandel and Agol (2002 ApJ 580 171),,,009/009785/009785921/dv/kplr009785921-20160209194854_dvr.pdf,009/009785/009785921/dv/kplr009785921-001-20160209194854_dvs.pdf,6215.0,194.0,-259.0,4.44,0.065,-0.208,-0.06,0.25,-0.35,1.052,0.332,-0.133,1.111,0.153,-0.153,,,,q1_q17_dr25_stellar,297.4809,46.589142,15.42,15.848,15.345,15.236,15.142,14.268,13.968,13.885,0.229,19.832073,2.3e-05,46.58927,0.00027,0.46,0.85,0.48,0.99,-0.00028,0.00038,-0.00032,0.00045,-0.24,0.45,-0.02,0.4,0.24,0.45,-0.28,0.45,-0.08,0.4,0.29,0.45
4911,3559860,K03440.01,,CANDIDATE,Done,2018-08-16,CANDIDATE,0.179,0,0,0,0,q1_q17_dr25_sup_koi,DEPTH_ODDEVEN_ALT,33.0257179,0.0006181,-0.0006181,161.01,0.0123,-0.0123,2454994.01,0.0123,-0.0123,0.0,,,,,,0.044,0.413,-0.044,6.032,0.45,-0.45,,,,507.1,47.2,-47.2,0.020422,0.001199,-0.001203,1.34535,0.13935,-0.67141,LS+MCMC,2.21,0.36,-0.12,0.2049,,,89.94,,,564.0,,,23.95,10.11,-3.79,42.65,4.4,-4.4,Claret (2011 A&A 529 75) ATLAS LS,0.0,0.0,0.2602,0.4096,q1_q17_dr25_koi,4.6766458,11.127428,12.2,2,31.0,1.0,q1_q17_dr25_tce,01111011101110111000000000000000,0.094,Mandel and Agol (2002 ApJ 580 171),,,003/003559/003559860/dv/kplr003559860-20160209194854_dvr.pdf,003/003559/003559860/dv/kplr003559860-001-20160209194854_dvs.pdf,5819.0,69.0,-87.0,4.468,0.032,-0.128,0.14,0.15,-0.15,0.99,0.163,-0.054,1.049,0.059,-0.073,,,,q1_q17_dr25_stellar,295.16721,38.637081,15.606,16.153,15.565,15.371,15.259,14.284,13.914,13.81,,19.677837,3.1e-05,38.63731,0.00032,0.9,1.3,0.8,1.2,,,-0.00064,0.0006,-0.13,0.54,-1.42,0.58,1.43,0.56,-0.25,0.46,-1.5,0.6,1.52,0.56
5053,3561464,K03398.02,,CANDIDATE,Done,2018-08-16,CANDIDATE,0.996,0,0,0,0,q1_q17_dr25_sup_koi,CENT_KIC_POS,35.8007112,0.0003713,-0.0003713,144.92169,0.00935,-0.00935,2454977.922,0.00935,-0.00935,0.0,,,,,,0.043,0.402,-0.043,8.219,0.208,-0.208,,,,417.4,17.5,-17.5,0.018458,0.000793,-0.000464,0.5732,0.05272,-0.18092,LS+MCMC,7.97,1.39,-2.77,0.2588,,,89.93,,,991.0,,,227.68,105.32,-135.95,33.86,3.1,-3.1,Claret (2011 A&A 529 75) ATLAS LS,0.0,0.0,0.2657,0.4109,q1_q17_dr25_koi,5.2988043,15.342841,25.0,3,33.0,1.0,q1_q17_dr25_tce,11111011101110111000000000000000,0.5701,Mandel and Agol (2002 ApJ 580 171),,,003/003561/003561464/dv/kplr003561464-20160209194854_dvr.pdf,003/003561/003561464/dv/kplr003561464-001-20160209194854_dvs.pdf,5745.0,86.0,-77.0,3.499,0.259,-0.129,0.4,0.05,-0.15,3.955,0.688,-1.376,1.801,0.193,-0.359,,,,q1_q17_dr25_stellar,295.49811,38.644501,13.489,13.786,13.445,13.361,13.349,12.556,12.311,12.289,0.946,19.6998719,7.1e-06,38.644351,8.5e-05,-0.09,0.3,-0.53,0.31,3e-05,0.00014,-1e-05,0.00014,-0.1,0.18,0.25,0.18,0.27,0.22,-0.2,0.16,-0.13,0.13,0.24,0.15
5079,5531953,K01681.02,,CANDIDATE,Done,2018-08-16,CANDIDATE,0.329,0,0,0,0,q1_q17_dr25_sup_koi,CENT_UNRESOLVED_OFFSET,1.992812339,7.832e-06,-7.832e-06,131.70565,0.00307,-0.00307,2454964.706,0.00307,-0.00307,0.0,,,,,,1.127,15.76,-0.104,2.066,0.177,-0.177,,,,314.8,22.8,-22.8,0.148573,15.75304,-0.094082,0.03649,26.59967,-0.00377,LS+MCMC,6.81,0.75,-0.9,0.0238,,,55.11,,,675.0,,,48.82,16.18,-15.53,1.971,0.986,-0.986,Claret (2011 A&A 529 75) ATLAS LS,0.0,0.0,0.4064,0.2898,q1_q17_dr25_koi,4.3703732,12.93635,16.8,4,643.0,2.0,q1_q17_dr25_tce,11111111111111111000000000000000,0.383,Mandel and Agol (2002 ApJ 580 171),,,005/005531/005531953/dv/kplr005531953-20160209194854_dvr.pdf,005/005531/005531953/dv/kplr005531953-002-20160209194854_dvs.pdf,3638.0,72.0,-87.0,4.844,0.049,-0.055,-0.14,0.15,-0.15,0.42,0.046,-0.056,0.45,0.043,-0.059,,,,q1_q17_dr25_stellar,291.285,40.730049,15.855,17.402,16.014,15.192,14.74,13.465,12.847,12.58,0.0,19.418987,1.6e-05,40.73017,0.0002,-0.54,0.65,0.42,0.71,1e-05,0.00017,-0.00065,0.00019,-1.62,0.76,0.01,0.34,1.62,0.76,-1.62,0.75,-0.27,0.37,1.64,0.75
5099,7869917,K01525.02,,CANDIDATE,Done,2018-08-16,CANDIDATE,0.981,0,0,0,0,q1_q17_dr25_sup_koi,NO_COMMENT,11.8061737,0.0001518,-0.0001518,138.2641,0.0107,-0.0107,2454971.264,0.0107,-0.0107,0.0,,,,,,0.905,0.059,-0.711,4.472,0.261,-0.261,,,,88.1,9.4,-9.4,0.010108,0.001101,-0.001587,0.10161,1.17278,-0.08032,LS+MCMC,2.87,0.58,-0.94,0.1216,,,84.28,,,1407.0,,,926.72,558.94,-554.52,9.08,4.4,-4.4,Claret (2011 A&A 529 75) ATLAS LS,0.0,0.0,0.3299,0.2544,q1_q17_dr25_koi,3.748976,12.1275425,10.1,2,107.0,2.0,q1_q17_dr25_tce,11111111111111111000000000000000,0.984,Mandel and Agol (2002 ApJ 580 171),,,007/007869/007869917/dv/kplr007869917-20160209194854_dvr.pdf,007/007869/007869917/dv/kplr007869917-002-20160209194854_dvs.pdf,6900.0,184.0,-204.0,3.843,0.259,-0.111,0.0,0.25,-0.3,2.599,0.523,-0.85,1.714,0.17,-0.316,,,,q1_q17_dr25_stellar,281.97125,43.672771,12.082,12.265,12.022,12.009,12.053,11.25,11.065,11.039,0.087,18.798068,1e-05,43.672832,9.3e-05,-0.59,0.39,0.22,0.34,7.1e-05,4.3e-05,-1e-06,3.7e-05,0.37,0.39,0.38,0.48,0.53,0.53,0.49,0.34,0.67,0.43,0.84,0.46
5149,11810124,K03344.01,,CANDIDATE,Done,2018-08-16,CANDIDATE,0.999,0,0,0,0,q1_q17_dr25_sup_koi,NO_COMMENT,11.6044881,0.000113,-0.000113,139.05603,0.00673,-0.00673,2454972.056,0.00673,-0.00673,0.0,,,,,,0.118,0.334,-0.118,3.409,0.209,-0.209,,,,267.6,20.3,-20.3,0.014751,0.000874,-0.000606,2.53149,0.21707,-1.26292,LS+MCMC,1.88,0.28,-0.34,0.0981,,,89.74,,,841.0,,,118.5,47.61,-43.33,26.22,2.2,-2.2,Claret (2011 A&A 529 75) ATLAS LS,0.0,0.0,0.224,0.4695,q1_q17_dr25_koi,4.0990252,11.719749,14.5,3,113.0,2.0,q1_q17_dr25_tce,11111111111111111000000000000000,0.0335,Mandel and Agol (2002 ApJ 580 171),,,011/011810/011810124/dv/kplr011810124-20160209194854_dvr.pdf,011/011810/011810124/dv/kplr011810124-002-20160209194854_dvs.pdf,5533.0,83.0,-74.0,4.275,0.168,-0.112,0.16,0.15,-0.15,1.166,0.174,-0.212,0.934,0.063,-0.045,,,,q1_q17_dr25_stellar,289.66489,50.020039,15.254,15.746,15.227,15.043,14.959,14.037,13.69,13.604,0.001,19.310932,3.3e-05,50.02043,0.00032,-2.1,1.1,1.4,1.1,0.00062,0.0003,-0.00043,0.00031,-0.38,0.89,-0.41,0.87,0.56,0.97,-0.29,0.9,-0.33,0.8,0.44,0.96
5202,9117416,K03425.02,,CANDIDATE,Done,2018-08-16,CANDIDATE,0.953,0,0,0,0,q1_q17_dr25_sup_koi,NO_COMMENT,3.15722086,1.947e-05,-1.947e-05,131.69915,0.0048,-0.0048,2454964.699,0.0048,-0.0048,0.0,,,,,,0.001,0.455,-0.001,3.762,0.143,-0.143,,,,49.7,3.2,-3.2,0.006453,0.000335,-0.000209,0.51611,0.09238,-0.16378,LS+MCMC,1.41,0.33,-0.57,0.0454,,,89.99,,,1791.0,,,2436.47,1766.22,-1678.55,6.48,1.2,-1.2,Claret (2011 A&A 529 75) ATLAS LS,0.0,0.0,0.2904,0.3534,q1_q17_dr25_koi,3.736013,13.838663,17.4,3,410.0,2.0,q1_q17_dr25_tce,11111111111111111000000000000000,0.4541,Mandel and Agol (2002 ApJ 580 171),,,009/009117/009117416/dv/kplr009117416-20160209194854_dvr.pdf,009/009117/009117416/dv/kplr009117416-002-20160209194854_dvs.pdf,6120.0,195.0,-217.0,3.934,0.398,-0.133,0.02,0.25,-0.3,2.0,0.467,-0.801,1.251,0.19,-0.233,,,,q1_q17_dr25_stellar,300.31619,45.49538,13.266,13.985,13.232,12.957,,11.897,11.61,11.514,0.024,20.021058,2.5e-05,45.49512,0.00021,-0.81,0.95,-0.95,0.74,5.6e-05,4.9e-05,4.6e-05,3.8e-05,-0.45,0.63,0.16,0.35,0.48,0.6,-0.46,0.67,0.01,0.32,0.47,0.67
5469,12061969,K02061.02,,CANDIDATE,Done,2018-08-16,CANDIDATE,0.998,0,0,0,0,q1_q17_dr25_sup_koi,NO_COMMENT,1.090011003,5.822e-06,-5.822e-06,131.58066,0.00373,-0.00373,2454964.581,0.00373,-0.00373,0.0,,,,,,0.531,0.001,-0.479,1.5,0.16,-0.16,,,,174.8,18.3,-18.3,0.012356,0.000694,-0.000874,1.80766,2.17847,-0.80604,LS+MCMC,1.04,0.13,-0.08,0.0197,,,83.71,,,1402.0,,,911.28,396.55,-206.34,4.84,1.9,-1.9,Claret (2011 A&A 529 75) ATLAS LS,0.0,0.0,0.1496,0.5746,q1_q17_dr25_koi,4.0664473,10.515363,12.6,2,1167.0,2.0,q1_q17_dr25_tce,11111111111111111000000000000000,0.1812,Mandel and Agol (2002 ApJ 580 171),,,012/012061/012061969/dv/kplr012061969-20160209194854_dvr.pdf,012/012061/012061969/dv/kplr012061969-002-20160209194854_dvs.pdf,5081.0,166.0,-136.0,4.596,0.028,-0.083,0.12,0.25,-0.3,0.77,0.095,-0.055,0.864,0.049,-0.085,,,,q1_q17_dr25_stellar,291.65952,50.583881,15.753,16.518,15.686,15.426,15.292,14.244,13.756,13.551,0.001,19.443953,3.5e-05,50.58323,0.00032,-0.5,1.2,-2.3,1.2,8e-05,0.00019,0.00037,0.00019,0.51,0.89,0.31,0.73,0.6,0.85,0.86,0.89,0.33,0.73,0.92,0.87
5712,9205938,K02162.02,,CANDIDATE,Done,2018-08-16,CANDIDATE,0.92,0,0,0,0,q1_q17_dr25_sup_koi,CENT_FEW_DIFFS,199.66876,0.003961,-0.003961,131.609,0.0171,-0.0171,2454964.609,0.0171,-0.0171,0.0,,,,,,0.046,0.42,-0.046,8.996,0.483,-0.483,,,,251.9,19.7,-19.7,0.014438,0.000867,-0.000597,2.4075,0.28647,-1.07735,LS+MCMC,1.45,0.18,-0.18,0.6193,,,89.98,,,305.0,,,2.06,0.76,-0.59,171.8,20.4,-20.4,Claret (2011 A&A 529 75) ATLAS LS,0.0,0.0,0.2865,0.3556,q1_q17_dr25_koi,6.1517878,11.090614,13.9,2,7.0,2.0,q1_q17_dr25_tce,11111111111111111000000000000000,0.8195,Mandel and Agol (2002 ApJ 580 171),,,009/009205/009205938/dv/kplr009205938-20160209194854_dvr.pdf,009/009205/009205938/dv/kplr009205938-002-20160209194854_dvs.pdf,5678.0,113.0,-102.0,4.409,0.132,-0.088,-0.4,0.15,-0.15,0.921,0.115,-0.115,0.794,0.071,-0.03,,,,q1_q17_dr25_stellar,285.69199,45.689388,14.033,14.429,13.992,13.864,13.828,12.966,12.631,12.534,0.273,19.046106,2.6e-05,45.68926,0.00031,-1.05,0.98,-0.5,1.1,0.00023,0.00023,0.00013,0.00026,0.3,0.69,1.24,0.87,1.28,0.86,0.2,0.69,1.4,0.9,1.42,0.9
5782,9602613,K02612.01,,CANDIDATE,Done,2018-08-16,CANDIDATE,0.856,0,0,0,0,q1_q17_dr25_sup_koi,NO_COMMENT,4.61225043,3.445e-05,-3.445e-05,133.86134,0.00535,-0.00535,2454966.861,0.00535,-0.00535,0.0,,,,,,0.012,0.44,-0.012,2.695,0.167,-0.167,,,,29.1,2.4,-2.4,0.004852,0.000306,-0.000215,2.02284,0.23223,-0.92,LS+MCMC,0.51,0.06,-0.05,0.053,,,89.95,,,1032.0,,,268.27,86.53,-58.85,13.15,1.5,-1.5,Claret (2011 A&A 529 75) ATLAS LS,0.0,0.0,0.224,0.4695,q1_q17_dr25_koi,3.0462139,11.438283,13.7,2,228.0,1.0,q1_q17_dr25_tce,11111101110111011000000000000000,0.717,Mandel and Agol (2002 ApJ 580 171),,,009/009602/009602613/dv/kplr009602613-20160209194854_dvr.pdf,009/009602/009602613/dv/kplr009602613-001-20160209194854_dvs.pdf,5495.0,74.0,-82.0,4.442,0.072,-0.099,0.16,0.15,-0.15,0.961,0.115,-0.086,0.932,0.052,-0.047,,,,q1_q17_dr25_stellar,297.14883,46.296951,11.83,12.363,11.766,11.602,11.529,10.615,10.275,10.185,0.0,19.809916,2.5e-05,46.29754,0.00023,-0.21,0.93,2.11,0.82,4e-06,2.7e-05,-6.5e-05,2.4e-05,0.99,0.35,1.35,0.42,1.68,0.45,0.98,0.38,1.31,0.44,1.64,0.46
5860,4173026,K02172.02,,CANDIDATE,Done,2018-08-16,CANDIDATE,0.991,0,0,0,0,q1_q17_dr25_sup_koi,NO_COMMENT,116.583183,0.002231,-0.002231,246.6275,0.0144,-0.0144,2455079.627,0.0144,-0.0144,0.0,,,,,,0.586,0.006,-0.492,5.8,0.509,-0.509,,,,819.0,102.0,-102.0,0.027148,0.000712,-0.003215,3.02267,4.44475,-0.34838,LS+MCMC,2.91,0.83,-0.42,0.4572,,,89.74,,,371.0,,,4.47,3.76,-1.57,129.5,63.5,-63.5,Claret (2011 A&A 529 75) ATLAS LS,0.0,0.0,0.2676,0.3928,q1_q17_dr25_koi,9.182145,14.992003,8.7,2,9.0,2.0,q1_q17_dr25_tce,11111011101110111000000000000000,0.0502,Mandel and Agol (2002 ApJ 580 171),,,004/004173/004173026/dv/kplr004173026-20160209194854_dvr.pdf,004/004173/004173026/dv/kplr004173026-002-20160209194854_dvs.pdf,5738.0,156.0,-173.0,4.426,0.101,-0.188,-0.06,0.3,-0.3,0.981,0.281,-0.141,0.936,0.114,-0.093,,,,q1_q17_dr25_stellar,295.164,39.201408,15.104,15.684,15.051,14.856,14.726,13.828,13.481,13.405,0.096,19.677625,1.5e-05,39.20133,0.00018,1.09,0.61,-0.29,0.64,-0.00119,0.00082,-1e-05,0.00088,-0.29,0.19,0.06,0.18,0.29,0.19,-0.13,0.19,0.05,0.18,0.14,0.19
5977,12061969,K02061.01,,CANDIDATE,Done,2018-08-16,CANDIDATE,0.0,0,0,0,0,q1_q17_dr25_sup_koi,DEEP_V_SHAPED,14.092583189,,,141.1447066,,,2454974.145,,,0.0,,,,,,0.586,,,4.1536,,,,,,530.4,,,0.021681,0.0,0.0,0.97395,0.0,0.0,LS,1.82,0.23,-0.13,0.1084,,,88.45,,,597.0,,,30.1,13.09,-6.82,21.704685,,,Claret (2011 A&A 529 75) ATLAS LS,0.0,0.0,0.1496,0.5746,q1_q17_dr25_koi,5.4563465,15.945106,17.8,2,94.0,1.0,q1_q17_dr25_tce,11111111111111111000000000000000,0.9724,Mandel and Agol (2002 ApJ 580 171),,,012/012061/012061969/dv/kplr012061969-20160209194854_dvr.pdf,012/012061/012061969/dv/kplr012061969-001-20160209194854_dvs.pdf,5081.0,166.0,-136.0,4.596,0.028,-0.083,0.12,0.25,-0.3,0.77,0.095,-0.055,0.864,0.049,-0.085,,,,q1_q17_dr25_stellar,291.65952,50.583881,15.753,16.518,15.686,15.426,15.292,14.244,13.756,13.551,0.0,19.44396,2e-05,50.58433,0.00019,-0.26,0.7,1.63,0.69,0.00019,0.00054,-0.00109,0.00064,-0.02,0.59,-0.03,0.57,0.04,0.76,-0.1,0.55,0.0,0.52,0.1,0.53
6044,9758089,K01871.02,,CANDIDATE,Done,2018-08-16,CANDIDATE,1.0,0,0,0,0,q1_q17_dr25_sup_koi,CENT_KIC_POS,32.376183,0.0001311,-0.0001311,150.41557,0.00311,-0.00311,2454983.416,0.00311,-0.00311,0.0,,,,,,0.896,0.009,-0.61,4.4639,0.0792,-0.0792,,,,745.4,24.1,-24.1,0.030674,0.000876,-0.005823,0.40572,3.17757,-0.02094,LS+MCMC,2.26,0.16,-0.07,0.1789,,,88.18,,,392.0,,,5.61,1.32,-0.76,28.2,13.8,-13.8,Claret (2011 A&A 529 75) ATLAS LS,0.0,0.0,0.0656,0.6854,q1_q17_dr25_koi,6.64791,26.325363,34.2,2,39.0,2.0,q1_q17_dr25_tce,11111111111111111000000000000000,0.8482,Mandel and Agol (2002 ApJ 580 171),,,009/009758/009758089/dv/kplr009758089-20160209194854_dvr.pdf,009/009758/009758089/dv/kplr009758089-002-20160209194854_dvs.pdf,4580.0,92.0,-92.0,4.641,0.012,-0.045,0.08,0.15,-0.15,0.675,0.046,-0.021,0.748,0.027,-0.043,,,,q1_q17_dr25_stellar,285.25366,46.582191,14.897,15.858,14.819,14.485,14.296,13.213,12.636,12.53,0.0,19.0168956,6.9e-06,46.582429,7.1e-05,-0.53,0.26,0.86,0.25,-0.00088,0.0002,0.00062,0.00021,3.49,0.36,-2.87,0.38,4.52,0.5,0.14,0.11,0.16,0.19,0.21,0.16
7182,10055126,K01608.03,,CANDIDATE,Done,2018-08-16,CANDIDATE,0.96,0,0,0,0,q1_q17_dr25_sup_koi,NO_COMMENT,232.040326,0.006902,-0.006902,262.2531,0.0265,-0.0265,2455095.253,0.0265,-0.0265,0.0,,,,,,0.61,0.341,-0.388,12.235,0.765,-0.765,,,,290.8,21.9,-21.9,0.016278,0.000414,-0.001083,0.57442,0.95728,-0.05111,LS+MCMC,2.05,0.33,-0.29,0.7326,,,89.7,,,327.0,,,2.71,1.2,-0.88,117.8,49.1,-49.1,Claret (2011 A&A 529 75) ATLAS LS,0.0,0.0,0.2889,0.3511,q1_q17_dr25_koi,7.7771463,12.50597,15.2,3,5.0,3.0,q1_q17_dr25_tce,11111111111111111000000000000000,0.3169,Mandel and Agol (2002 ApJ 580 171),,,010/010055/010055126/dv/kplr010055126-20160209194854_dvr.pdf,010/010055/010055126/dv/kplr010055126-003-20160209194854_dvs.pdf,5903.0,106.0,-117.0,4.3,0.15,-0.1,-0.1,0.15,-0.15,1.156,0.185,-0.166,0.974,0.082,-0.062,,,,q1_q17_dr25_stellar,282.06128,47.085491,13.797,14.147,13.726,13.647,13.591,12.751,12.47,12.418,0.447,18.804051,4.1e-05,47.08536,0.00033,-1.3,1.5,-0.5,1.2,0.00035,0.00043,0.00015,0.00034,1.38,0.45,-0.85,0.86,1.63,0.81,1.35,0.41,-0.86,0.72,1.6,0.7
7185,9285265,K03410.02,,CANDIDATE,Done,2018-08-16,CANDIDATE,0.979,0,0,0,0,q1_q17_dr25_sup_koi,CENT_FEW_MEAS,61.569765,0.001804,-0.001804,182.0201,0.0248,-0.0248,2455015.02,0.0248,-0.0248,0.0,,,,,,0.486,0.074,-0.409,9.75,0.635,-0.635,,,,298.3,30.9,-30.9,0.016067,0.000881,-0.00105,0.3979,0.42962,-0.03827,LS+MCMC,2.44,0.39,-0.53,0.3045,,,89.35,,,530.0,,,18.66,7.87,-7.77,43.0,15.5,-15.5,Claret (2011 A&A 529 75) ATLAS LS,0.0,0.0,0.2638,0.4046,q1_q17_dr25_koi,4.5153236,10.912135,10.9,2,19.0,2.0,q1_q17_dr25_tce,11111111111111111000000000000000,0.1592,Mandel and Agol (2002 ApJ 580 171),,,009/009285/009285265/dv/kplr009285265-20160209194854_dvr.pdf,009/009285/009285265/dv/kplr009285265-002-20160209194854_dvs.pdf,5626.0,77.0,-77.0,4.149,0.188,-0.101,0.14,0.15,-0.15,1.389,0.223,-0.298,0.991,0.079,-0.065,,,,q1_q17_dr25_stellar,293.62976,45.74065,15.589,16.105,15.522,15.367,15.26,14.323,13.995,13.949,0.325,19.575326,2.7e-05,45.74084,0.00032,0.4,1.0,0.7,1.2,-0.00015,0.00034,-0.00028,0.00039,-0.44,0.42,-1.0,1.3,1.1,1.2,-0.37,0.42,-1.1,1.3,1.2,1.2
7266,3634051,K06103.01,,CANDIDATE,Done,2018-08-16,CANDIDATE,0.0,0,0,0,0,q1_q17_dr25_sup_koi,INDIV_TRANS_SKYE---CENT_FEW_DIFFS,453.54212,0.003501,-0.003501,360.0617,0.00473,-0.00473,2455193.062,0.00473,-0.00473,0.0,,,,,,0.633,0.219,-0.405,17.026,0.24,-0.24,,,,861.0,18.6,-18.6,0.02813,0.002815,-0.001308,0.41255,0.35242,-0.28684,LS+MCMC,9.23,1.76,-4.1,1.3292,,,89.78,,,390.0,,,5.45,2.74,-3.85,164.9,70.4,-70.4,Claret (2011 A&A 529 75) ATLAS LS,0.0,0.0,0.2701,0.3963,q1_q17_dr25_koi,23.997772,35.408863,48.8,2,3.0,1.0,q1_q17_dr25_tce,11111111111111111000000000000000,0.4186,Mandel and Agol (2002 ApJ 580 171),,,003/003634/003634051/dv/kplr003634051-20160209194854_dvr.pdf,003/003634/003634051/dv/kplr003634051-001-20160209194854_dvs.pdf,5874.0,87.0,-79.0,3.664,0.375,-0.125,0.12,0.15,-0.15,3.006,0.572,-1.335,1.519,0.15,-0.376,,,,q1_q17_dr25_stellar,287.97546,38.74028,13.436,13.858,13.38,13.255,13.196,12.334,12.055,11.951,0.438,19.1983575,9.7e-06,38.74029,0.00012,-0.27,0.41,0.03,0.43,0.00028,0.00036,8e-05,0.00038,-0.28,0.29,-0.32,0.075,0.42,0.2,-0.26,0.25,-0.127,0.071,0.29,0.23
7345,8780959,K03741.04,,CANDIDATE,Done,2018-08-16,CANDIDATE,0.0,0,0,0,0,q1_q17_dr25_sup_koi,TRANS_GAPPED,9.6310258,0.0001257,-0.0001257,132.7273,0.0101,-0.0101,2454965.727,0.0101,-0.0101,0.0,,,,,,0.951,0.027,-0.65,5.255,0.241,-0.241,,,,297.2,25.1,-25.1,0.019733,6.6e-05,-0.004331,0.02949,0.84282,-0.01651,LS+MCMC,2.9,0.82,-0.68,0.0905,,,79.56,,,1094.0,,,338.33,275.21,-164.36,5.25,2.6,-2.6,Claret (2011 A&A 529 75) ATLAS LS,0.0,0.0,0.3105,0.2893,q1_q17_dr25_koi,5.951192,19.670818,12.7,4,88.0,3.0,q1_q17_dr25_tce,11111111111111111000000000000000,0.3274,Mandel and Agol (2002 ApJ 580 171),,,008/008780/008780959/dv/kplr008780959-20160209194854_dvr.pdf,008/008780/008780959/dv/kplr008780959-003-20160209194854_dvs.pdf,6432.0,155.0,-214.0,4.207,0.19,-0.171,-0.34,0.25,-0.3,1.345,0.382,-0.313,1.06,0.177,-0.133,,,,q1_q17_dr25_stellar,300.33237,44.986141,13.306,13.669,13.274,13.151,13.11,12.309,12.101,12.058,,20.022159,1.4e-05,44.986179,0.0001,0.02,0.52,0.14,0.36,,,,,-0.46,0.49,0.19,0.19,0.5,0.46,-0.46,0.55,0.11,0.19,0.48,0.54
7456,9839821,K02012.02,,CANDIDATE,Done,2018-08-16,CANDIDATE,0.877,0,0,0,0,q1_q17_dr25_sup_koi,NO_COMMENT,180.921729,0.002826,-0.002826,234.3344,0.0133,-0.0133,2455067.334,0.0133,-0.0133,0.0,,,,,,0.025,0.42,-0.025,8.99,0.377,-0.377,,,,742.4,50.4,-50.4,0.02485,0.001343,-0.000786,2.25843,0.19811,-0.88607,LS+MCMC,2.3,0.54,-0.19,0.6135,,,89.99,,,302.0,,,1.96,1.32,-0.49,157.5,13.8,-13.8,Claret (2011 A&A 529 75) ATLAS LS,0.0,0.0,0.2711,0.3858,q1_q17_dr25_koi,5.9905863,12.034195,16.2,2,8.0,2.0,q1_q17_dr25_tce,11111111111111111000000000000000,0.9151,Mandel and Agol (2002 ApJ 580 171),,,009/009839/009839821/dv/kplr009839821-20160209194854_dvr.pdf,009/009839/009839821/dv/kplr009839821-002-20160209194854_dvs.pdf,5818.0,139.0,-157.0,4.554,0.042,-0.168,-0.22,0.3,-0.3,0.848,0.199,-0.071,0.937,0.09,-0.121,,,,q1_q17_dr25_stellar,295.34271,46.602261,14.876,15.356,14.823,14.67,14.597,13.727,13.393,13.305,0.168,19.689504,1.7e-05,46.602,0.00019,-0.39,0.63,-0.93,0.68,0.00034,0.00046,0.00046,0.00051,0.78,0.35,0.69,0.38,1.04,0.45,0.87,0.4,0.54,0.5,1.02,0.56
7561,4665571,K02393.02,,CANDIDATE,Done,2018-08-16,CANDIDATE,1.0,0,0,0,0,q1_q17_dr25_sup_koi,CENT_KIC_POS,0.766691517,1.273e-06,-1.273e-06,132.19667,0.00138,-0.00138,2454965.197,0.00138,-0.00138,0.0,,,,,,0.388,0.053,-0.388,1.2638,0.0507,-0.0507,,,,244.0,10.1,-10.1,0.014221,0.000317,-0.000693,2.73161,0.97945,-0.62032,LS+MCMC,1.22,0.05,-0.08,0.015,,,84.94,,,1541.0,,,1334.22,188.87,-238.99,4.39,1.6,-1.6,Claret (2011 A&A 529 75) ATLAS LS,0.0,0.0,0.1017,0.6385,q1_q17_dr25_koi,3.7116914,20.960924,29.5,2,1396.0,1.0,q1_q17_dr25_tce,11111011101110111000000000000000,0.4563,Mandel and Agol (2002 ApJ 580 171),,,004/004665/004665571/dv/kplr004665571-20160209194854_dvr.pdf,004/004665/004665571/dv/kplr004665571-001-20160209194854_dvs.pdf,4821.0,76.0,-76.0,4.529,0.06,-0.02,0.16,0.15,-0.15,0.788,0.028,-0.051,0.765,0.051,-0.028,,,,q1_q17_dr25_stellar,294.6647,39.783829,14.903,15.695,14.841,14.564,14.376,13.31,12.836,12.722,0.0,19.6443423,9.7e-06,39.78403,7.4e-05,1.23,0.4,0.72,0.27,0.000207,9.1e-05,-0.000118,6.1e-05,-1.09,0.37,-0.74,0.13,1.31,0.31,0.08,0.14,-0.5,0.28,0.5,0.28
7666,11450414,K01992.03,,CANDIDATE,Done,2018-08-16,CANDIDATE,0.017,0,0,0,0,q1_q17_dr25_sup_koi,CENT_UNRESOLVED_OFFSET,85.517344,0.001846,-0.001846,181.351,0.0198,-0.0198,2455014.351,0.0198,-0.0198,0.0,,,,,,0.944,0.026,-0.679,9.331,0.38,-0.38,,,,270.2,21.6,-21.6,0.019208,2.6e-05,-0.004798,0.05079,1.1666,-0.03338,LS+MCMC,3.04,0.45,-0.71,0.3802,,,88.0,,,482.0,,,12.75,4.89,-5.7,27.0,13.5,-13.5,Claret (2011 A&A 529 75) ATLAS LS,0.0,0.0,0.2286,0.4641,q1_q17_dr25_koi,4.681905,11.244823,12.9,3,15.0,3.0,q1_q17_dr25_tce,11111111111111111000000000000000,0.73,Mandel and Agol (2002 ApJ 580 171),,,011/011450/011450414/dv/kplr011450414-20160209194854_dvr.pdf,011/011450/011450414/dv/kplr011450414-003-20160209194854_dvs.pdf,5592.0,75.0,-75.0,4.115,0.195,-0.09,0.16,0.15,-0.15,1.451,0.211,-0.342,1.0,0.072,-0.072,,,,q1_q17_dr25_stellar,289.19958,49.305721,14.513,14.944,14.454,14.329,14.292,13.391,13.076,13.047,0.001,19.279969,3.2e-05,49.30623,0.00033,-0.1,1.1,1.8,1.2,2e-05,0.0003,-0.0006,0.00032,-0.46,0.81,1.91,0.55,1.96,0.49,-0.64,0.89,1.5,0.37,1.63,0.49
8572,10736489,K07368.01,,CANDIDATE,Done,2018-08-16,CANDIDATE,1.0,0,0,0,0,q1_q17_dr25_sup_koi,NO_COMMENT,6.842939,,,137.0596,,,2454970.06,,,,,,,,,,,,2.8,,,,,,,,,,,,0.00771,0.10136,-0.00431,none,,,,,,,,,,,,,99.24,96.28,-23.98,,,,,,,,,q1_q17_dr25_koi,7.9750724,28.887737,,1,198.0,1.0,q1_q17_dr25_tce,11111111111111111000000000000000,0.0438,,,,010/010736/010736489/dv/kplr010736489-20160209194854_dvr.pdf,010/010736/010736489/dv/kplr010736489-001-20160209194854_dvs.pdf,,,,,,,,,,,,,,,,,,,,293.94763,48.065254,12.92,13.649,12.873,12.609,,11.296,10.884,10.794,0.011,19.5965149,2e-06,48.065259,2e-05,0.221,0.073,0.02,0.071,-5.7e-05,6.1e-05,6.6e-05,7.3e-05,0.01,0.33,-0.07,0.3,0.07,0.28,0.09,0.36,0.09,0.33,0.12,0.42
8666,10843431,K07378.01,,CANDIDATE,Done,2018-08-16,CANDIDATE,0.994,0,0,0,0,q1_q17_dr25_sup_koi,NO_COMMENT,8.7396758,0.0003092,-0.0003092,136.5829,0.0463,-0.0463,2454969.583,0.0463,-0.0463,0.0,,,,,,0.957,0.001,-0.68,3.866,0.266,-0.266,,,,1431.0,107.0,-107.0,0.047917,0.0011,-0.015629,0.10144,3.31558,-0.02446,LS+MCMC,3.29,0.26,-0.3,0.0713,,,82.59,,,577.0,,,26.17,8.92,-7.62,7.43,3.7,-3.7,Claret (2011 A&A 529 75) ATLAS LS,0.0,0.0,0.0775,0.666,q1_q17_dr25_koi,4.260325,12.053264,15.6,2,33.0,1.0,q1_q17_dr25_tce,00000000000001111000000000000000,0.6681,Mandel and Agol (2002 ApJ 580 171),,,010/010843/010843431/dv/kplr010843431-20160209194854_dvr.pdf,010/010843/010843431/dv/kplr010843431-001-20160209194854_dvs.pdf,4406.0,154.0,-170.0,4.643,0.044,-0.032,-0.24,0.3,-0.3,0.628,0.051,-0.056,0.632,0.063,-0.057,,,,q1_q17_dr25_stellar,282.37042,48.259289,16.324,17.453,16.285,15.84,15.577,14.536,13.911,13.882,0.687,18.824702,3.6e-05,48.25961,0.00035,0.3,1.3,1.1,1.3,-0.0005,0.0017,-0.0006,0.0017,-0.31,0.22,0.53,0.34,0.62,0.31,-0.08,0.23,0.6,0.39,0.61,0.38
9182,8873450,K07913.01,,CANDIDATE,Done,2018-08-16,CANDIDATE,0.0,0,0,0,0,q1_q17_dr25_sup_koi,CENT_KIC_POS---HALO_GHOST,24.2783801,0.0003588,-0.0003588,154.51325,0.00972,-0.00972,2454987.513,0.00972,-0.00972,0.0,,,,,,0.717,0.229,-0.485,4.564,0.258,-0.258,,,,714.4,60.5,-60.5,0.026305,0.007472,-0.00303,0.8528,1.35956,-0.79656,LS+MCMC,2.03,0.08,-0.17,0.1456,,,88.62,,,432.0,,,8.27,1.81,-2.11,29.8,11.9,-11.9,Claret (2011 A&A 529 75) ATLAS LS,0.0,0.0,0.0656,0.6854,q1_q17_dr25_koi,9.485224,12.511366,13.6,1,54.0,6.0,q1_q17_dr25_tce,11111111111111111000000000000000,0.2314,Mandel and Agol (2002 ApJ 580 171),,,008/008873/008873450/dv/kplr008873450-20160209194854_dvr.pdf,008/008873/008873450/dv/kplr008873450-006-20160209194854_dvs.pdf,4450.0,132.0,-132.0,4.583,0.056,-0.02,0.14,0.25,-0.3,0.707,0.029,-0.059,0.698,0.054,-0.054,,,,q1_q17_dr25_stellar,286.74857,45.158741,14.164,15.257,14.156,13.696,13.403,12.274,11.635,11.212,0.0,19.116557,1.2e-05,45.15884,0.00014,-0.53,0.47,0.35,0.49,-0.0002,0.00042,-0.00097,0.00045,0.29,0.24,0.42,0.23,0.51,0.3,-0.64,0.26,-0.44,0.24,0.78,0.32
